"survey","practice","treated","flowers","visit","observer","temp","wind","cloud","ordinal","mssr","dist1","dist2","dist3","dist4","dist5","perc_canopy","perc_tallsap","perc_shortsap","perc_tallshrub","perc_shortshrub","perc_forb","perc_tallgrass","perc_shortgrass","perc_CWD","perc_litter","perc_bare","perc_anysap","perc_anyshrub","perc_anywoody","perc_anygrass"
"ks_priv022_v1_y2024","prescribed_burning","pre",2170,1,"SG",80,2,75,141,489,2,1,0,0,0,36,0,9,0,0,18,9,9,9,27,27,9,0,9,27
"ks_priv021_v1_y2024","prescribed_burning","pre",38,1,"SG",82,4,100,141,551,0,1,1,0,0,0,0,0,0,0,9,0,55,0,18,82,0,0,0,55
"ks_priv020_v1_y2024","prescribed_burning","pre",550,1,"SG",83,4,100,141,579,0,1,0,0,0,0,0,0,0,0,27,0,64,0,36,36,0,0,0,64
"ks_priv019_v1_y2024","prescribed_burning","pre",281,1,"SG",83,2,75,141,616,1,0,0,0,0,0,0,0,0,0,45,0,45,0,9,64,0,0,0,45
"ks_priv027_v1_y2024","prescribed_burning","pre",14,1,"KM",77,4,75,142,260,0,1,0,0,0,100,0,0,0,0,9,55,9,9,82,0,0,0,0,64
"ks_priv024_v1_y2024","prescribed_burning","pre",274,1,"SG",65,3,0,143,267,0,2,1,0,0,0,0,0,0,0,64,0,18,0,64,9,0,0,0,18
"ks_priv023_v1_y2024","prescribed_burning","pre",174,1,"SG",67,3,0,143,311,1,0,0,0,0,0,0,0,0,9,27,27,45,0,73,0,0,9,9,73
"ks_priv025_v1_y2024","prescribed_burning","pre",158,1,"SG",68,2,0,143,348,5,0,0,0,0,0,0,0,0,9,18,55,27,0,45,0,0,9,9,82
"ks_priv048_v1_y2024","brush_management","post",3,1,"KM",80,2,0,144,491,2,3,0,0,0,27,0,0,0,0,91,27,27,0,55,45,0,0,0,55
"ks_priv053_v1_y2024","brush_management","post",0,1,"KM",83,2,0,144,581,1,1,0,0,0,73,0,0,0,0,73,0,0,0,91,9,0,0,0,0
"ks_priv039_v1_y2024","not_enrolled_in_NRCS","pre",67,1,"SG",72,3,0,148,294,1,1,0,0,0,0,0,0,0,0,9,100,0,0,82,0,0,0,0,100
"ks_priv037_v1_y2024","not_enrolled_in_NRCS","na- clearcut during field season",12,1,"SG",75,3,0,148,343,0,1,0,0,0,0,0,0,0,0,9,0,73,0,82,27,0,0,0,73
"ks_priv038_v1_y2024","not_enrolled_in_NRCS","pre",61,1,"SG",76,3,0,148,377,0,0,0,0,0,0,0,0,0,0,36,82,0,0,45,9,0,0,0,82
"ks_priv040_v1_y2024","not_enrolled_in_NRCS","pre",0,1,"SG",77,3,0,148,428,0,1,0,0,0,0,0,0,0,0,45,55,18,0,82,9,0,0,0,73
"ks_priv041_v1_y2024","not_enrolled_in_NRCS","pre",59,1,"SG",78,3,0,148,468,6,2,1,0,1,73,0,0,0,0,36,9,55,9,64,36,0,0,0,64
"ks_priv046_v1_y2024","not_enrolled_in_NRCS","pre",1110,1,"SG",80,3,0,148,568,3,2,0,0,0,9,0,0,27,18,55,9,9,0,82,27,0,36,36,18
"ks_priv047_v1_y2024","not_enrolled_in_NRCS","pre",909,1,"SG",80,3,0,148,611,1,0,0,0,0,0,0,0,0,0,64,91,0,0,73,0,0,0,0,82
"ks_priv044_v1_y2024","not_enrolled_in_NRCS","pre",89,1,"SG",80,3,25,148,643,2,0,0,0,0,0,0,0,0,0,73,45,36,0,91,9,0,0,0,82
"ks_priv042_v1_y2024","not_enrolled_in_NRCS","pre",2486,1,"SG",80,3,0,148,677,3,1,0,0,0,0,0,0,0,0,73,18,0,0,64,0,0,0,0,18
"ks_priv045_v1_y2024","not_enrolled_in_NRCS","pre",59,1,"SG",81,3,25,148,733,2,0,1,0,0,0,0,0,0,0,45,73,0,0,45,0,0,9,9,73
"ks_priv043_v1_y2024","not_enrolled_in_NRCS","pre",150,1,"SG",80,3,0,148,754,0,1,0,0,0,0,0,0,0,0,82,36,27,0,91,18,0,0,0,55
"ks_priv060_v1_y2024","brush_management","pre",792,1,"SG",78,1,25,150,464,1,5,0,0,0,0,0,0,0,0,36,0,82,0,45,18,0,0,0,82
"ks_priv058_v1_y2024","brush_management","pre",455,1,"SG",79,1,0,150,524,4,1,0,0,0,9,36,0,0,0,36,0,36,0,55,55,36,0,36,36
"ks_priv059_v1_y2024","brush_management","pre",642,1,"SG",79,1,0,150,560,0,2,2,0,0,0,0,0,0,0,55,55,36,0,45,27,0,0,0,91
"ks_priv017_v1_y2024","prescribed_burning","post",0,1,"KM",75,3,50,151,521,4,5,0,0,1,0,0,0,0,0,0,0,9,0,100,0,0,0,0,9
"ks_priv015_v1_y2024","prescribed_burning","pre",7,1,"SG",70,1,100,151,274,0,1,0,2,0,0,0,0,0,0,0,0,55,0,64,36,0,0,0,55
"ks_priv016_v1_y2024","prescribed_burning","pre",4688,1,"SG",70,1,100,151,302,2,0,0,1,0,0,0,0,0,0,9,9,55,0,91,0,0,0,0,64
"ks_priv014_v1_y2024","prescribed_burning","pre",18,1,"SG",68,2,100,151,335,0,0,0,0,0,0,0,0,0,0,0,0,73,0,0,64,0,0,0,73
"ks_priv013_v1_y2024","prescribed_burning","pre",46,1,"SG",67,2,100,151,335,1,0,0,0,0,0,0,0,0,0,0,9,9,0,73,18,0,0,0,18
"ks_priv010_v1_y2024","prescribed_burning","pre",566,1,"KM",72,1,0,157,262,3,2,0,0,0,9,27,0,18,9,0,9,27,0,82,18,27,27,55,36
"ks_priv005_v1_y2024","prescribed_burning","pre",16,1,"KM",76,1,0,157,305,0,0,1,0,1,0,0,0,18,0,27,55,18,0,82,18,0,18,18,73
"ks_priv009_v1_y2024","prescribed_burning","pre",47,1,"KM",78,2,0,157,349,3,0,1,0,0,0,0,0,0,0,9,45,36,0,73,27,0,0,0,82
"ks_priv006_v1_y2024","prescribed_burning","pre",NA,1,"KM",83,1,0,157,427,5,0,0,1,1,0,0,0,0,0,9,91,0,0,91,9,0,0,0,91
"ks_priv011_v1_y2024","prescribed_burning","pre",NA,1,"KM",87,2,0,157,514,0,0,2,0,0,0,0,0,0,0,0,45,27,0,100,0,0,0,0,73
"ks_priv004_v1_y2024","prescribed_burning","post",3760,1,"KM",89,3,0,157,607,1,0,0,0,0,0,0,0,0,0,27,36,0,0,82,0,0,0,0,36
"ks_priv008_v1_y2024","prescribed_burning","pre",0,1,"DJM",78,2,0,157,349,1,0,1,0,0,18,0,0,0,0,9,64,0,9,82,9,0,0,0,64
"ks_priv007_v1_y2024","prescribed_burning","pre",3,1,"DJM",83,2,0,157,407,2,1,0,0,0,45,0,0,0,0,55,9,0,0,73,0,0,0,0,9
"ks_priv012_v1_y2024","prescribed_burning","pre",153,1,"DJM",87,2,0,157,504,2,1,0,0,1,64,9,0,0,0,9,18,0,0,91,9,9,0,9,18
"ks_priv001_v1_y2024","prescribed_burning","post",0,1,"DJM",89,3,0,157,603,1,0,0,0,0,0,0,0,0,0,9,36,36,0,55,36,0,0,0,73
"ks_priv002_v1_y2024","prescribed_burning","post",637,1,"DJM",89,3,0,157,647,0,2,0,0,0,0,0,0,0,0,36,36,18,0,73,0,0,0,0,55
"ks_priv061_v1_y2024","brush_management","post",874,1,"SG",84,3,0,158,476,1,3,2,0,0,0,0,0,0,0,55,9,73,0,0,0,0,0,0,82
"ks_priv062_v1_y2024","brush_management","post",115,1,"DJM",84,4,0,158,458,2,1,0,0,0,9,0,0,0,0,18,18,45,0,18,82,0,0,0,64
"ks_priv032_v2_y2024","prescribed_burning","pre",50,2,"DJM",83,3,25,159,463,0,0,0,0,0,0,0,0,0,0,18,36,9,0,82,9,0,0,0,55
"ks_priv031_v2_y2024","prescribed_burning","pre",1740,2,"DJM",85,3,50,159,498,1,0,0,0,0,0,0,0,0,0,27,45,9,0,91,0,0,0,0,55
"ks_priv030_v2_y2024","prescribed_burning","pre",210,2,"DJM",85,4,100,159,540,0,0,0,0,2,0,0,0,0,0,0,73,27,0,73,9,0,0,0,100
"ks_priv028_v2_y2024","prescribed_burning","pre",3,2,"KM",85,3,100,159,544,3,1,1,0,0,0,0,0,0,0,36,9,64,0,55,18,0,0,0,73
"ks_priv029_v2_y2024","prescribed_burning","pre",137,2,"KM",85,3,100,159,575,1,1,0,1,0,0,0,0,0,18,9,36,18,0,64,18,0,18,18,55
"ks_priv027_v2_y2024","prescribed_burning","pre",280,2,"KM",86,3,25,159,482,2,2,0,1,0,100,0,0,0,0,9,55,9,9,82,0,0,0,0,64
"ks_priv026_v2_y2024","prescribed_burning","pre",62,2,"KM",86,2,75,159,517,2,1,1,0,1,0,0,0,0,0,27,18,18,0,45,36,0,0,0,36
"ks_priv033_v1_y2024","not_enrolled_in_NRCS","pre",4610,1,"KM",80,2,0,162,447,1,1,0,0,0,0,0,0,0,0,55,36,9,0,91,9,0,0,0,45
"ks_priv036_v1_y2024","not_enrolled_in_NRCS","pre",16387,1,"KM",81,1,0,162,483,8,2,4,0,0,0,0,0,0,0,45,73,0,0,73,18,0,0,0,73
"ks_priv034_v1_y2024","not_enrolled_in_NRCS","pre",10023,1,"KM",82,2,0,162,521,6,6,1,3,1,0,0,0,0,27,27,64,0,0,45,0,0,27,27,64
"ks_priv035_v1_y2024","not_enrolled_in_NRCS","pre",2373,1,"KM",83,0,0,162,567,3,0,1,1,2,9,9,0,0,0,36,0,55,0,36,64,9,0,9,55
"ks_priv019_v2_y2024","prescribed_burning","pre",8174,2,"IS",73,3,0,162,247,2,0,1,0,0,0,0,0,0,0,45,0,45,0,9,64,0,0,0,45
"ks_priv020_v2_y2024","prescribed_burning","pre",218,2,"IS",75,2,0,162,276,1,2,1,2,0,0,0,0,0,0,27,0,64,0,36,36,0,0,0,64
"ks_priv021_v2_y2024","prescribed_burning","pre",839,2,"IS",76,3,0,162,308,1,0,0,0,1,0,0,0,0,0,9,0,55,0,18,82,0,0,0,55
"ks_priv022_v2_y2024","prescribed_burning","pre",112,2,"IS",77,2,25,162,308,4,4,1,0,0,36,0,9,0,0,18,9,9,9,27,27,9,0,9,27
"ks_priv024_v2_y2024","prescribed_burning","pre",3909,2,"IS",85,3,50,163,448,0,3,0,0,0,0,0,0,0,0,64,0,18,0,64,9,0,0,0,18
"ks_priv023_v2_y2024","prescribed_burning","pre",4566,2,"IS",84,4,50,163,478,0,2,1,0,0,0,0,0,0,9,27,27,45,0,73,0,0,9,9,73
"ks_priv025_v2_y2024","prescribed_burning","pre",34819,2,"IS",85,2,25,163,514,4,2,1,1,0,0,0,0,0,9,18,55,27,0,45,0,0,9,9,82
"ks_priv047_v2_y2024","not_enrolled_in_NRCS","pre",354,2,"KM",78,2,0,164,247,9,4,1,1,3,0,0,0,0,0,64,91,0,0,73,0,0,0,0,82
"ks_priv046_v2_y2024","not_enrolled_in_NRCS","pre",3,2,"KM",81,1,0,164,290,5,4,0,0,0,9,0,0,27,18,55,9,9,0,82,27,0,36,36,18
"ks_priv044_v2_y2024","not_enrolled_in_NRCS","pre",2348,2,"KM",83,3,0,164,326,9,2,2,0,0,0,0,0,0,0,73,45,36,0,91,9,0,0,0,82
"ks_priv045_v2_y2024","not_enrolled_in_NRCS","pre",885,2,"KM",84,4,0,164,359,4,4,2,1,1,0,0,0,0,0,45,73,0,0,45,0,0,9,9,73
"ks_priv043_v2_y2024","not_enrolled_in_NRCS","pre",220,2,"KM",85,3,0,164,379,4,1,0,0,0,0,0,0,0,0,82,36,27,0,91,18,0,0,0,55
"ks_priv042_v2_y2024","not_enrolled_in_NRCS","pre",1,2,"KM",86,3,0,164,414,8,2,1,1,0,0,0,0,0,0,73,18,0,0,64,0,0,0,0,18
"ks_priv039_v2_y2024","not_enrolled_in_NRCS","pre",192,2,"IS",86,4,0,164,519,4,0,1,1,1,0,0,0,0,0,9,100,0,0,82,0,0,0,0,100
"ks_priv038_v2_y2024","not_enrolled_in_NRCS","pre",16,2,"IS",87,4,0,164,541,3,1,2,1,1,0,0,0,0,0,36,82,0,0,45,9,0,0,0,82
"ks_priv040_v2_y2024","not_enrolled_in_NRCS","pre",150,2,"IS",87,5,0,164,451,0,0,0,0,0,0,0,0,0,0,45,55,18,0,82,9,0,0,0,73
"ks_priv041_v2_y2024","not_enrolled_in_NRCS","pre",102,2,"IS",87,4,0,164,473,8,2,1,0,0,73,0,0,0,0,36,9,55,9,64,36,0,0,0,64
"ks_priv037_v2_y2024","not_enrolled_in_NRCS","na- clearcut during field season",NA,2,"IS",87,4,0,164,597,6,3,2,1,0,0,0,0,0,0,9,0,73,0,82,27,0,0,0,73
"ks_priv048_v2_y2024","brush_management","post",163,2,"IS",93,3,0,165,484,7,4,0,2,1,27,0,0,0,0,91,27,27,0,55,45,0,0,0,55
"ks_priv053_v2_y2024","brush_management","post",12,2,"KM",95,3,0,165,535,8,2,2,1,6,73,0,0,0,0,73,0,0,0,91,9,0,0,0,0
"ks_priv060_v2_y2024","brush_management","pre",42,2,"IS",82,2,0,166,264,1,0,0,0,1,0,0,0,0,0,36,0,82,0,45,18,0,0,0,82
"ks_priv058_v2_y2024","brush_management","pre",245,2,"KM",83,0,25,166,294,0,0,0,1,0,9,36,0,0,0,36,0,36,0,55,55,36,0,36,36
"ks_priv059_v2_y2024","brush_management","pre",133,2,"IS",82,1,25,166,322,5,0,0,0,0,0,0,0,0,0,55,55,36,0,45,27,0,0,0,91
"ks_priv055_v1_y2024","brush_management","pre",30,1,"KM",85,4,75,169,358,2,1,0,0,0,64,18,0,0,0,27,0,27,0,55,36,18,0,18,27
"ks_priv056_v1_y2024","brush_management","pre",1773,1,"KM",83,5,75,169,251,0,0,0,0,0,0,0,0,0,0,36,0,91,0,27,27,0,0,0,91
"ks_priv006_v2_y2024","prescribed_burning","pre",177,2,"SG",86,4,25,172,438,3,0,0,0,0,0,0,0,0,0,9,91,0,0,91,9,0,0,0,91
"ks_priv007_v2_y2024","prescribed_burning","pre",52,2,"SG",87,3,25,172,480,1,1,0,0,0,45,0,0,0,0,55,9,0,0,73,0,0,0,0,9
"ks_priv012_v2_y2024","prescribed_burning","pre",89,2,"SG",88,2,25,172,544,1,1,0,0,0,64,9,0,0,0,9,18,0,0,91,9,9,0,9,18
"ks_priv017_v2_y2024","prescribed_burning","post",0,2,"SG",86,3,25,172,623,2,1,0,3,1,0,0,0,0,0,0,0,9,0,100,0,0,0,0,9
"ks_priv001_v2_y2024","prescribed_burning","post",2,2,"KM",77,3,0,172,242,2,0,0,0,0,0,0,0,0,0,9,36,36,0,55,36,0,0,0,73
"ks_priv003_v2_y2024","prescribed_burning","post",180,2,"KM",79,4,25,172,285,0,0,0,0,1,0,0,0,0,0,45,36,9,0,36,18,0,0,0,45
"ks_priv002_v2_y2024","prescribed_burning","post",1738,2,"SG",78,4,0,172,247,1,1,0,0,0,0,0,0,0,0,36,36,18,0,73,0,0,0,0,55
"ks_priv010_v2_y2024","prescribed_burning","pre",428,2,"KM",82,3,50,172,351,1,1,0,0,0,9,27,0,18,9,0,9,27,0,82,18,27,27,55,36
"ks_priv005_v2_y2024","prescribed_burning","pre",47,2,"KM",84,3,75,172,387,0,0,0,1,0,0,0,0,18,0,27,55,18,0,82,18,0,18,18,73
"ks_priv009_v2_y2024","prescribed_burning","pre",11,2,"KM",85,4,25,172,427,2,1,0,0,0,0,0,0,0,0,9,45,36,0,73,27,0,0,0,82
"ks_priv008_v2_y2024","prescribed_burning","pre",0,2,"KM",86,3,25,172,457,0,0,0,0,0,18,0,0,0,0,9,64,0,9,82,9,0,0,0,64
"ks_priv011_v2_y2024","prescribed_burning","pre",231,2,"KM",88,3,50,172,535,1,0,0,0,0,0,0,0,0,0,0,45,27,0,100,0,0,0,0,73
"ks_priv016_v2_y2024","prescribed_burning","pre",12,2,"SG",89,2,0,176,250,5,0,0,0,0,0,0,0,0,0,9,9,55,0,91,0,0,0,0,64
"ks_priv062_v2_y2024","brush_management","post",0,2,"KM",97,4,0,176,400,2,0,0,0,2,9,0,0,0,0,18,18,45,0,18,82,0,0,0,64
"ks_priv015_v2_y2024","prescribed_burning","pre",3,2,"KM",87,2,0,176,230,4,2,1,0,0,0,0,0,0,0,0,0,55,0,64,36,0,0,0,55
"ks_priv013_v2_y2024","prescribed_burning","pre",62,2,"KM",91,3,0,176,283,2,0,0,0,0,0,0,0,0,0,0,9,9,0,73,18,0,0,0,18
"ks_priv061_v2_y2024","brush_management","post",1659,2,"SG",95,4,25,176,410,3,1,0,0,0,0,0,0,0,0,55,9,73,0,0,0,0,0,0,82
"ks_priv025_v3_y2024","prescribed_burning","pre",6611,3,"KM",99,2,0,177,612,2,0,2,0,0,0,0,0,0,9,18,55,27,0,45,0,0,9,9,82
"ks_priv024_v3_y2024","prescribed_burning","pre",1901,3,"SG",98,3,0,177,615,4,1,1,0,0,0,0,0,0,0,64,0,18,0,64,9,0,0,0,18
"ks_priv023_v3_y2024","prescribed_burning","pre",477,3,"KM",99,2,0,177,650,0,0,0,1,0,0,0,0,0,9,27,27,45,0,73,0,0,9,9,73
"ks_priv020_v3_y2024","prescribed_burning","pre",160,3,"SG",81,1,0,177,370,1,4,1,1,1,0,0,0,0,0,27,0,64,0,36,36,0,0,0,64
"ks_priv021_v3_y2024","prescribed_burning","pre",320,3,"SG",82,3,0,178,402,3,4,2,0,1,0,0,0,0,0,9,0,55,0,18,82,0,0,0,55
"ks_priv022_v3_y2024","prescribed_burning","pre",1334,3,"SG",83,3,0,178,433,11,6,1,1,0,36,0,9,0,0,18,9,9,9,27,27,9,0,9,27
"ks_priv019_v3_y2024","prescribed_burning","pre",798,3,"SG",83,4,0,178,477,3,2,3,1,0,0,0,0,0,0,45,0,45,0,9,64,0,0,0,45
"ks_priv034_v2_y2024","not_enrolled_in_NRCS","pre",5568,2,"KM",88,3,25,178,653,1,1,0,0,0,0,0,0,0,27,27,64,0,0,45,0,0,27,27,64
"ks_priv035_v2_y2024","not_enrolled_in_NRCS","pre",10259,2,"KM",88,1,0,178,699,2,3,0,0,0,9,9,0,0,0,36,0,55,0,36,64,9,0,9,55
"ks_priv036_v2_y2024","not_enrolled_in_NRCS","pre",4717,2,"KM",89,3,25,178,579,2,1,1,1,0,0,0,0,0,0,45,73,0,0,73,18,0,0,0,73
"ks_priv033_v2_y2024","not_enrolled_in_NRCS","pre",1444,2,"KM",89,2,0,178,622,1,0,1,1,0,0,0,0,0,0,55,36,9,0,91,9,0,0,0,45
"ks_priv046_v3_y2024","not_enrolled_in_NRCS","pre",79,3,"SG",78,3,100,180,277,1,0,1,0,0,9,0,0,27,18,55,9,9,0,82,27,0,36,36,18
"ks_priv047_v3_y2024","not_enrolled_in_NRCS","pre",957,3,"SG",79,4,75,181,321,2,0,0,0,0,0,0,0,0,0,64,91,0,0,73,0,0,0,0,82
"ks_priv044_v3_y2024","not_enrolled_in_NRCS","pre",236,3,"SG",81,3,100,181,356,2,2,1,0,1,0,0,0,0,0,73,45,36,0,91,9,0,0,0,82
"ks_priv045_v3_y2024","not_enrolled_in_NRCS","pre",936,3,"SG",83,4,50,181,393,3,2,1,0,0,0,0,0,0,0,45,73,0,0,45,0,0,9,9,73
"ks_priv042_v3_y2024","not_enrolled_in_NRCS","pre",112,3,"SG",83,4,75,181,452,2,2,1,0,0,0,0,0,0,0,73,18,0,0,64,0,0,0,0,18
"ks_priv043_v3_y2024","not_enrolled_in_NRCS","pre",69,3,"SG",82,4,50,181,415,2,0,1,0,0,0,0,0,0,0,82,36,27,0,91,18,0,0,0,55
"ks_priv040_v3_y2024","not_enrolled_in_NRCS","pre",128,3,"KM",85,3,75,181,500,2,2,0,0,1,0,0,0,0,0,45,55,18,0,82,9,0,0,0,73
"ks_priv038_v3_y2024","not_enrolled_in_NRCS","pre",28,3,"KM",86,3,50,181,607,1,0,0,0,0,0,0,0,0,0,36,82,0,0,45,9,0,0,0,82
"ks_priv041_v3_y2024","not_enrolled_in_NRCS","pre",1431,3,"SG",83,3,50,181,521,8,1,0,1,0,73,0,0,0,0,36,9,55,9,64,36,0,0,0,64
"ks_priv039_v3_y2024","not_enrolled_in_NRCS","pre",0,3,"SG",84,4,0,181,601,1,0,0,1,0,0,0,0,0,0,9,100,0,0,82,0,0,0,0,100
"ks_priv037_v3_y2024","not_enrolled_in_NRCS","na- clearcut during field season",0,3,"SG",84,2,0,181,649,0,1,0,0,0,0,0,0,0,0,9,0,73,0,82,27,0,0,0,73
"ks_priv048_v3_y2024","brush_management","post",370,3,"KM",80,2,75,182,543,9,1,0,0,3,27,0,0,0,0,91,27,27,0,55,45,0,0,0,55
"ks_priv053_v3_y2024","brush_management","post",159,3,"KM",80,1,100,182,608,2,0,0,0,0,73,0,0,0,0,73,0,0,0,91,9,0,0,0,0
"ks_priv059_v3_y2024","brush_management","pre",273,3,"SG",89,4,0,184,349,1,0,0,0,0,0,0,0,0,0,55,55,36,0,45,27,0,0,0,91
"ks_priv056_v2_y2024","brush_management","pre",1292,2,"SG",91,4,0,184,407,0,2,0,0,0,0,0,0,0,0,36,0,91,0,27,27,0,0,0,91
"ks_priv055_v2_y2024","brush_management","pre",374,2,"SG",95,4,0,184,479,7,0,0,0,0,64,18,0,0,0,27,0,27,0,55,36,18,0,18,27
"ks_priv058_v3_y2024","brush_management","pre",647,3,"SG",88,2,0,184,310,1,0,0,0,0,9,36,0,0,0,36,0,36,0,55,55,36,0,36,36
"ks_priv060_v3_y2024","brush_management","pre",255,3,"SG",87,4,0,184,280,0,1,0,1,1,0,0,0,0,0,36,0,82,0,45,18,0,0,0,82
"ks_priv062_v3_y2024","brush_management","post",3,3,"SG",77,4,25,190,269,1,0,0,0,0,9,0,0,0,0,18,18,45,0,18,82,0,0,0,64
"ks_priv061_v3_y2024","brush_management","post",236,3,"KM",77,2,25,190,269,1,0,0,0,0,0,0,0,0,0,55,9,73,0,0,0,0,0,0,82
"ks_priv017_v3_y2024","prescribed_burning","post",0,3,"KM",81,1,75,190,355,2,1,0,0,0,0,0,0,0,0,0,0,9,0,100,0,0,0,0,9
"ks_priv016_v3_y2024","prescribed_burning","pre",12,3,"KM",83,1,50,190,419,1,1,0,1,0,0,0,0,0,0,9,9,55,0,91,0,0,0,0,64
"ks_priv014_v3_y2024","prescribed_burning","pre",29,3,"KM",83,1,50,190,455,0,0,0,0,0,0,0,0,0,0,0,0,73,0,0,64,0,0,0,73
"ks_priv015_v3_y2024","prescribed_burning","pre",2,3,"SG",84,2,50,190,428,2,5,3,0,0,0,0,0,0,0,0,0,55,0,64,36,0,0,0,55
"ks_priv013_v3_y2024","prescribed_burning","pre",0,3,"SG",85,2,50,190,481,1,1,0,0,0,0,0,0,0,0,0,9,9,0,73,18,0,0,0,18
"ks_priv001_v3_y2024","prescribed_burning","post",2208,3,"SG",80,2,0,191,268,0,2,0,1,0,0,0,0,0,0,9,36,36,0,55,36,0,0,0,73
"ks_priv004_v3_y2024","prescribed_burning","post",456,3,"SG",82,2,0,191,304,0,0,0,2,0,0,0,0,0,0,27,36,0,0,82,0,0,0,0,36
"ks_priv003_v3_y2024","prescribed_burning","post",210,3,"KM",81,2,0,191,334,2,0,0,0,0,0,0,0,0,0,45,36,9,0,36,18,0,0,0,45
"ks_priv008_v3_y2024","prescribed_burning","pre",0,3,"SG",92,1,0,192,387,5,2,0,0,0,18,0,0,0,0,9,64,0,9,82,9,0,0,0,64
"ks_priv007_v3_y2024","prescribed_burning","pre",980,3,"SG",94,2,0,192,458,2,1,0,0,0,45,0,0,0,0,55,9,0,0,73,0,0,0,0,9
"ks_priv011_v3_y2024","prescribed_burning","pre",384,3,"SG",94,2,0,192,535,1,2,0,0,0,0,0,0,0,0,0,45,27,0,100,0,0,0,0,73
"ks_priv031_v3_y2024","prescribed_burning","pre",74,3,"KM",86,2,25,192,312,6,4,1,1,0,0,0,0,0,0,27,45,9,0,91,0,0,0,0,55
"ks_priv010_v3_y2024","prescribed_burning","pre",1402,3,"KM",88,3,0,192,347,0,1,1,0,0,9,27,0,18,9,0,9,27,0,82,18,27,27,55,36
"ks_priv009_v3_y2024","prescribed_burning","pre",6,3,"KM",90,3,0,192,382,3,1,0,0,0,0,0,0,0,0,9,45,36,0,73,27,0,0,0,82
"ks_priv006_v3_y2024","prescribed_burning","pre",0,3,"KM",91,3,0,192,453,2,0,1,0,1,0,0,0,0,0,9,91,0,0,91,9,0,0,0,91
"ks_priv012_v3_y2024","prescribed_burning","pre",118,3,"KM",92,1,0,192,528,1,1,0,0,0,64,9,0,0,0,9,18,0,0,91,9,9,0,9,18
"ks_priv032_v3_y2024","prescribed_burning","pre",351,3,"SG",85,3,25,193,556,0,0,0,0,0,0,0,0,0,0,18,36,9,0,82,9,0,0,0,55
"ks_priv029_v3_y2024","prescribed_burning","pre",0,3,"SG",87,4,0,193,612,2,0,0,0,1,0,0,0,0,18,9,36,18,0,64,18,0,18,18,55
"ks_priv030_v3_y2024","prescribed_burning","pre",8,3,"SG",86,3,25,193,640,3,1,0,0,0,0,0,0,0,0,0,73,27,0,73,9,0,0,0,100
"ks_priv027_v3_y2024","prescribed_burning","pre",159,3,"SG",84,0,50,194,316,4,1,0,0,0,100,0,0,0,0,9,55,9,9,82,0,0,0,0,64
"ks_priv026_v3_y2024","prescribed_burning","pre",12,3,"SG",84,3,25,194,351,1,2,1,0,0,0,0,0,0,0,27,18,18,0,45,36,0,0,0,36
"ks_priv028_v3_y2024","prescribed_burning","pre",711,3,"SG",85,3,25,194,378,3,1,0,1,1,0,0,0,0,0,36,9,64,0,55,18,0,0,0,73
"ks_priv035_v3_y2024","not_enrolled_in_NRCS","pre",5782,3,"KM",89,2,25,194,496,3,0,1,0,0,9,9,0,0,0,36,0,55,0,36,64,9,0,9,55
"ks_priv034_v3_y2024","not_enrolled_in_NRCS","pre",1913,3,"KM",90,3,50,194,539,2,0,1,0,0,0,0,0,0,27,27,64,0,0,45,0,0,27,27,64
"ks_priv033_v3_y2024","not_enrolled_in_NRCS","pre",1038,3,"KM",93,2,25,194,576,1,0,0,0,0,0,0,0,0,0,55,36,9,0,91,9,0,0,0,45
"ks_priv036_v3_y2024","not_enrolled_in_NRCS","pre",1266,3,"KM",94,2,0,194,610,0,1,0,0,0,0,0,0,0,0,45,73,0,0,73,18,0,0,0,73
"ks_priv060_v4_y2024","brush_management","pre",317,4,"SG",90,4,0,197,333,2,0,0,0,0,0,0,0,0,0,36,0,82,0,45,18,0,0,0,82
"ks_priv058_v4_y2024","brush_management","pre",166,4,"SG",92,0,0,197,411,0,1,0,0,0,9,36,0,0,0,36,0,36,0,55,55,36,0,36,36
"ks_priv059_v4_y2024","brush_management","pre",492,4,"SG",95,5,0,197,488,0,0,0,0,0,0,0,0,0,0,55,55,36,0,45,27,0,0,0,91
"ks_priv056_v3_y2024","brush_management","pre",3196,3,"SG",97,4,25,197,564,3,0,0,0,0,0,0,0,0,0,36,0,91,0,27,27,0,0,0,91
"ks_priv055_v3_y2024","brush_management","pre",1639,3,"SG",100,1,50,197,670,0,0,0,0,0,64,18,0,0,0,27,0,27,0,55,36,18,0,18,27
"ks_priv046_v4_y2024","not_enrolled_in_NRCS","pre",113,4,"KM",77,1,75,199,262,3,0,0,0,0,9,0,0,27,18,55,9,9,0,82,27,0,36,36,18
"ks_priv047_v4_y2024","not_enrolled_in_NRCS","pre",1988,4,"KM",78,2,25,199,315,11,5,2,0,1,0,0,0,0,0,64,91,0,0,73,0,0,0,0,82
"ks_priv044_v4_y2024","not_enrolled_in_NRCS","pre",477,4,"KM",81,2,25,199,359,8,0,1,0,0,0,0,0,0,0,73,45,36,0,91,9,0,0,0,82
"ks_priv045_v4_y2024","not_enrolled_in_NRCS","pre",505,4,"KM",83,2,75,199,412,6,5,3,1,0,0,0,0,0,0,45,73,0,0,45,0,0,9,9,73
"ks_priv043_v4_y2024","not_enrolled_in_NRCS","pre",233,4,"KM",84,2,75,199,448,10,1,0,1,0,0,0,0,0,0,82,36,27,0,91,18,0,0,0,55
"ks_priv042_v4_y2024","not_enrolled_in_NRCS","pre",578,4,"KM",85,2,50,199,515,10,1,0,0,0,0,0,0,0,0,73,18,0,0,64,0,0,0,0,18
"ks_priv037_v4_y2024","not_enrolled_in_NRCS","na- clearcut during field season",19,4,"SG",75,2,25,200,268,4,2,0,2,0,0,0,0,0,0,9,0,73,0,82,27,0,0,0,73
"ks_priv039_v4_y2024","not_enrolled_in_NRCS","pre",80,4,"SG",77,1,0,200,310,0,0,0,0,0,0,0,0,0,0,9,100,0,0,82,0,0,0,0,100
"ks_priv038_v4_y2024","not_enrolled_in_NRCS","pre",40,4,"SG",78,1,25,200,343,8,10,0,0,0,0,0,0,0,0,36,82,0,0,45,9,0,0,0,82
"ks_priv040_v4_y2024","not_enrolled_in_NRCS","pre",29,4,"SG",80,3,50,200,514,8,8,2,0,0,0,0,0,0,0,45,55,18,0,82,9,0,0,0,73
"ks_priv041_v4_y2024","not_enrolled_in_NRCS","pre",47,4,"SG",80,1,25,200,455,5,4,1,0,0,73,0,0,0,0,36,9,55,9,64,36,0,0,0,64
"ks_priv048_v4_y2024","brush_management","post",1643,4,"KM",83,1,25,200,657,0,0,1,0,0,27,0,0,0,0,91,27,27,0,55,45,0,0,0,55
"ks_priv053_v4_y2024","brush_management","post",53,4,"KM",81,1,0,200,719,0,1,0,0,0,73,0,0,0,0,73,0,0,0,91,9,0,0,0,0
"ks_priv019_v4_y2024","prescribed_burning","pre",601,4,"SG",86,4,50,201,595,1,1,0,0,0,0,0,0,0,0,45,0,45,0,9,64,0,0,0,45
"ks_priv020_v4_y2024","prescribed_burning","pre",306,4,"SG",86,4,50,201,628,1,1,1,0,1,0,0,0,0,0,27,0,64,0,36,36,0,0,0,64
"ks_priv062_v4_y2024","brush_management","post",17,4,"KM",76,1,25,204,249,0,0,0,0,1,9,0,0,0,0,18,18,45,0,18,82,0,0,0,64
"ks_priv061_v4_y2024","brush_management","post",1412,4,"KM",77,1,25,204,281,2,2,0,0,0,0,0,0,0,0,55,9,73,0,0,0,0,0,0,82
"ks_priv016_v4_y2024","prescribed_burning","pre",0,4,"SG",86,1,75,204,460,0,1,0,0,0,0,0,0,0,0,9,9,55,0,91,0,0,0,0,64
"ks_priv014_v4_y2024","prescribed_burning","pre",0,4,"SG",86,3,75,204,501,0,0,0,0,0,0,0,0,0,0,0,0,73,0,0,64,0,0,0,73
"ks_priv017_v4_y2024","prescribed_burning","post",0,4,"KM",80,1,75,204,369,0,0,0,0,0,0,0,0,0,0,0,0,9,0,100,0,0,0,0,9
"ks_priv015_v4_y2024","prescribed_burning","pre",24,4,"SG",75,2,75,204,426,4,0,0,0,0,0,0,0,0,0,0,0,55,0,64,36,0,0,0,55
"ks_priv013_v4_y2024","prescribed_burning","pre",0,4,"SG",86,3,50,204,551,0,0,0,0,0,0,0,0,0,0,0,9,9,0,73,18,0,0,0,18
"ks_priv012_v4_y2024","prescribed_burning","pre",111,4,"KM",83,1,25,205,385,1,0,1,0,0,64,9,0,0,0,9,18,0,0,91,9,9,0,9,18
"ks_priv011_v4_y2024","prescribed_burning","pre",401,4,"KM",84,2,25,205,414,2,2,0,1,0,0,0,0,0,0,0,45,27,0,100,0,0,0,0,73
"ks_priv004_v4_y2024","prescribed_burning","post",445,4,"SG",85,2,50,205,509,2,1,0,0,0,0,0,0,0,0,27,36,0,0,82,0,0,0,0,36
"ks_priv002_v4_y2024","prescribed_burning","post",0,4,"SG",86,2,25,205,550,0,0,0,0,0,0,0,0,0,0,36,36,18,0,73,0,0,0,0,55
"ks_priv003_v4_y2024","prescribed_burning","post",63,4,"SG",86,1,25,205,578,1,0,0,0,0,0,0,0,0,0,45,36,9,0,36,18,0,0,0,45
"ks_priv005_v4_y2024","prescribed_burning","pre",342,4,"KM",80,3,0,206,219,0,0,0,0,0,0,0,0,18,0,27,55,18,0,82,18,0,18,18,73
"ks_priv010_v4_y2024","prescribed_burning","pre",298,4,"KM",82,2,0,206,252,0,0,0,0,0,9,27,0,18,9,0,9,27,0,82,18,27,27,55,36
"ks_priv009_v4_y2024","prescribed_burning","pre",13,4,"KM",85,3,0,206,292,1,1,0,0,0,0,0,0,0,0,9,45,36,0,73,27,0,0,0,82
"ks_priv008_v4_y2024","prescribed_burning","pre",0,4,"KM",86,2,0,206,319,1,0,5,2,0,18,0,0,0,0,9,64,0,9,82,9,0,0,0,64
"ks_priv006_v4_y2024","prescribed_burning","pre",8,4,"KM",88,2,25,206,363,0,0,1,0,0,0,0,0,0,0,9,91,0,0,91,9,0,0,0,91
"ks_priv007_v4_y2024","prescribed_burning","pre",1260,4,"KM",89,1,25,206,395,2,1,1,0,0,45,0,0,0,0,55,9,0,0,73,0,0,0,0,9
"ks_priv035_v4_y2024","not_enrolled_in_NRCS","pre",2903,4,"SG",85,1,0,207,247,0,3,1,0,0,9,9,0,0,0,36,0,55,0,36,64,9,0,9,55
"ks_priv034_v4_y2024","not_enrolled_in_NRCS","pre",2643,4,"SG",85,2,0,207,296,5,0,0,0,0,0,0,0,0,27,27,64,0,0,45,0,0,27,27,64
"ks_priv033_v4_y2024","not_enrolled_in_NRCS","pre",1589,4,"SG",87,2,0,207,344,1,0,0,0,0,0,0,0,0,0,55,36,9,0,91,9,0,0,0,45
"ks_priv036_v4_y2024","not_enrolled_in_NRCS","pre",1386,4,"SG",89,1,0,207,383,2,2,0,0,0,0,0,0,0,0,45,73,0,0,73,18,0,0,0,73
"ks_priv022_v4_y2024","prescribed_burning","pre",1248,4,"KM",90,1,0,208,379,7,3,2,2,0,36,0,9,0,0,18,9,9,9,27,27,9,0,9,27
"ks_priv021_v4_y2024","prescribed_burning","pre",231,4,"KM",91,4,25,208,415,0,0,0,0,0,0,0,0,0,0,9,0,55,0,18,82,0,0,0,55
"ks_priv027_v4_y2024","prescribed_burning","pre",290,4,"SG",86,1,100,211,252,4,0,0,0,0,100,0,0,0,0,9,55,9,9,82,0,0,0,0,64
"ks_priv026_v4_y2024","prescribed_burning","pre",35,4,"SG",87,4,75,211,286,0,0,0,0,0,0,0,0,0,0,27,18,18,0,45,36,0,0,0,36
"ks_priv028_v4_y2024","prescribed_burning","pre",126,4,"SG",87,3,75,211,315,1,2,1,0,0,0,0,0,0,0,36,9,64,0,55,18,0,0,0,73
"ks_priv029_v4_y2024","prescribed_burning","pre",84,4,"SG",89,4,50,211,346,1,3,0,0,0,0,0,0,0,18,9,36,18,0,64,18,0,18,18,55
"ks_priv032_v4_y2024","prescribed_burning","pre",0,4,"SG",90,3,50,211,413,0,0,1,0,0,0,0,0,0,0,18,36,9,0,82,9,0,0,0,55
"ks_priv031_v4_y2024","prescribed_burning","pre",487,4,"SG",92,1,50,211,439,0,0,0,0,0,0,0,0,0,0,27,45,9,0,91,0,0,0,0,55
"ks_priv030_v4_y2024","prescribed_burning","pre",0,4,"SG",93,2,25,211,468,2,1,0,0,0,0,0,0,0,0,0,73,27,0,73,9,0,0,0,100
"ks_priv025_v4_y2024","prescribed_burning","pre",258,4,"KM",87,5,0,212,221,0,0,0,0,0,0,0,0,0,9,18,55,27,0,45,0,0,9,9,82
"ks_priv023_v4_y2024","prescribed_burning","pre",655,4,"KM",89,5,0,212,251,0,0,0,0,0,0,0,0,0,9,27,27,45,0,73,0,0,9,9,73
"ks_priv024_v4_y2024","prescribed_burning","pre",426,4,"KM",90,5,25,212,274,0,0,0,0,0,0,0,0,0,0,64,0,18,0,64,9,0,0,0,18
"ks_priv001_v4_y2024","prescribed_burning","post",129,4,"SG",94,5,50,213,385,0,0,0,0,0,0,0,0,0,0,9,36,36,0,55,36,0,0,0,73
"ks_priv056_v4_y2024","brush_management","pre",2386,4,"KM",82,1,0,214,246,1,0,0,0,0,0,0,0,0,0,36,0,91,0,27,27,0,0,0,91
"ks_priv055_v4_y2024","brush_management","pre",335,4,"KM",86,1,0,214,317,4,4,0,0,0,64,18,0,0,0,27,0,27,0,55,36,18,0,18,27
"mo_priv035_v1_y2024","wildlife_hab_planting","pre",45,1,"WB",81,4,100,142,285,0,0,0,0,0,0,0,0,0,0,73,0,55,0,82,0,0,0,0,55
"mo_priv036_v1_y2024","wildlife_hab_planting","early post (just planted in spring)",3101,1,"IS",83,4,100,142,360,6,3,0,0,0,0,0,0,0,0,100,18,0,0,64,36,0,0,0,18
"mo_priv037_v1_y2024","wildlife_hab_planting","early post (just planted in spring)",1700,1,"IS",84,5,75,142,444,1,0,0,0,0,0,0,0,0,0,100,0,18,0,73,27,0,0,0,18
"mo_priv038_v1_y2024","wildlife_hab_planting","early post (just planted in spring)",49,1,"WB",84,5,25,142,480,1,0,0,0,0,0,0,0,0,0,100,82,0,0,45,55,0,0,0,82
"mo_priv042_v1_y2024","wildlife_hab_planting","post",17776,1,"WB",86,5,50,142,580,0,0,1,0,0,0,0,0,0,0,55,73,0,0,64,18,0,0,0,73
"mo_priv034_v1_y2024","wildlife_hab_planting","pre",701,1,"IS",73,0,0,143,657,0,0,0,0,0,0,0,0,36,9,55,91,9,0,100,0,0,45,45,100
"mo_priv039_v1_y2024","wildlife_hab_planting","post",312,1,"IS",68,1,75,143,406,2,0,2,0,0,0,0,0,0,0,45,36,55,0,100,0,0,0,0,91
"mo_priv040_v1_y2024","wildlife_hab_planting","post",846,1,"IS",68,1,100,143,364,4,2,1,1,1,0,0,0,0,0,55,27,82,0,73,0,0,0,0,100
"mo_priv041_v1_y2024","wildlife_hab_planting","post",303,1,"WB",70,1,50,143,450,0,0,0,0,2,0,0,0,0,0,91,27,0,0,45,0,0,0,0,27
"mo_priv008_v1_y2024","prescribed_grazing","pre",910,1,"IS",71,3,0,148,323,0,1,1,1,1,9,0,0,0,0,55,55,64,0,73,9,0,0,0,100
"mo_priv009_v1_y2024","prescribed_grazing","na- hayfield",3670,1,"IS",69,3,0,148,265,0,1,0,0,0,0,0,0,0,0,82,27,64,0,73,0,0,0,0,91
"mo_priv010_v1_y2024","prescribed_grazing","pre",96,1,"IS",73,3,25,148,388,0,1,0,0,0,0,0,0,0,0,82,0,82,0,27,0,0,0,0,82
"mo_priv006_v1_y2024","prescribed_grazing","pre",8886,1,"IS",69,1,0,149,271,0,0,0,0,0,0,0,0,0,0,64,55,36,0,64,9,0,0,0,91
"mo_priv011_v1_y2024","prescribed_grazing","pre",2044,1,"IS",74,1,25,149,403,2,2,0,2,0,0,0,0,0,0,100,9,82,0,82,9,0,0,0,82
"mo_priv012_v1_y2024","prescribed_grazing","na- hayfield",6906,1,"IS",71,3,0,149,315,8,1,0,0,1,0,0,0,0,0,27,0,55,0,100,0,0,0,0,55
"mo_priv003_v1_y2024","wildlife_hab_planting","Probably functionally ""pre"" but technically 4 years post...additional new seed mix added 2025 (probably bc first time didn’t work)",6297,1,"WB",69,3,0,150,269,2,1,0,1,1,0,0,0,0,18,45,82,18,0,100,0,0,18,18,100
"mo_priv014_v1_y2024","wildlife_hab_planting","pre",170,1,"WB",73,3,25,150,429,0,1,0,0,0,0,0,0,0,0,45,0,100,0,100,0,0,0,0,100
"mo_priv015_v1_y2024","wildlife_hab_planting","pre",1013,1,"WB",72,3,0,150,384,2,1,0,0,0,0,0,0,0,0,18,0,100,0,73,27,0,0,0,100
"mo_priv016_v1_y2024","wildlife_hab_planting","pre",9833,1,"WB",74,2,25,150,484,1,1,3,2,0,0,0,0,0,0,82,82,0,0,100,0,0,0,0,82
"mo_priv017_v1_y2024","wildlife_hab_planting","post",2153,1,"WB",75,3,25,150,534,1,1,0,2,0,0,0,0,0,0,45,73,9,0,100,0,0,0,0,82
"mo_priv018_v1_y2024","wildlife_hab_planting","post",7559,1,"WB",74,3,25,150,694,1,1,3,0,0,0,0,0,0,0,27,64,36,0,100,0,0,0,0,100
"mo_priv043_v1_y2024","wildlife_hab_planting","pre",0,1,"WB",70,2,0,150,324,0,0,0,0,1,0,0,0,0,0,0,73,0,0,0,73,0,0,0,73
"mo_priv001_v1_y2024","wildlife_hab_planting","post",2961,1,"IS",78,2,100,151,715,1,1,1,0,0,0,0,0,0,0,73,55,55,0,91,0,0,0,0,100
"mo_priv002_v1_y2024","wildlife_hab_planting","post",1312,1,"IS",79,3,100,151,570,1,1,1,0,1,0,0,0,0,0,91,64,18,0,100,0,0,0,0,82
"mo_priv004_v1_y2024","wildlife_hab_planting","post",318,1,"WB",78,4,75,151,430,1,0,2,1,0,0,0,0,0,0,55,91,0,0,91,0,0,0,0,91
"mo_priv005_v1_y2024","wildlife_hab_planting","post",18,1,"WB",78,4,100,151,455,0,0,0,0,0,0,0,0,9,9,36,100,0,0,100,0,0,18,18,100
"mo_priv013_v1_y2024","wildlife_hab_planting","early post? (planted 2023)",57,1,"IS",76,3,75,151,520,2,0,0,2,0,0,0,0,0,0,73,0,27,0,73,64,0,0,0,27
"mo_priv019_v1_y2024","wildlife_hab_planting","intermediate post",5410,1,"IS",74,3,50,151,286,5,3,2,1,0,0,0,0,0,0,100,0,9,0,82,0,0,0,0,9
"mo_priv020_v1_y2024","wildlife_hab_planting","intermediate post",3379,1,"IS",75,3,50,151,343,1,0,0,0,0,0,0,0,0,0,91,64,0,0,27,0,0,0,0,64
"mo_priv023_v1_y2024","prescribed_grazing","pre",940,1,"IS",79,2,75,156,401,7,2,3,3,0,0,0,0,9,0,82,0,64,0,82,0,0,9,9,64
"mo_priv024_v1_y2024","prescribed_grazing","pre",3824,1,"WB",78,2,25,156,471,4,4,2,3,1,0,0,0,18,0,91,0,64,0,9,73,0,18,18,64
"mo_priv025_v1_y2024","prescribed_grazing","pre",1334,1,"IS",83,3,50,156,551,7,0,3,4,2,0,0,0,9,0,64,0,45,0,82,9,0,9,9,45
"mo_priv029_v1_y2024","prescribed_grazing","pre",NA,1,"IS",71,1,100,156,277,2,0,1,0,1,0,0,0,9,0,55,0,73,0,27,27,0,9,9,73
"mo_priv030_v1_y2024","prescribed_grazing","pre",3964,1,"WB",73,2,100,156,336,3,1,1,0,0,0,0,0,9,9,55,0,73,0,18,45,0,18,18,64
"mo_priv026_v1_y2024","prescribed_grazing","pre",592,1,"IS",73,2,0,157,292,6,3,2,3,2,0,0,0,9,0,64,0,91,0,36,0,0,9,9,91
"mo_priv027_v1_y2024","prescribed_grazing","pre",605,1,"WB",74,2,0,157,352,4,5,0,2,0,0,0,0,27,0,64,0,36,0,82,9,0,27,27,36
"mo_priv028_v1_y2024","prescribed_grazing","pre",2593,1,"IS",77,1,0,157,413,9,3,0,1,2,45,9,9,9,45,45,0,45,0,45,36,18,55,73,45
"mo_priv031_v1_y2024","prescribed_grazing","pre",5324,1,"WB",79,2,0,157,482,7,1,1,1,0,0,0,0,45,0,45,0,73,0,0,27,0,45,45,73
"mo_priv032_v1_y2024","prescribed_grazing","pre",7442,1,"IS",77,2,0,157,582,11,4,1,2,2,0,0,0,0,0,91,9,45,0,73,9,0,0,0,55
"mo_priv033_v1_y2024","prescribed_grazing","pre",407,1,"WB",80,3,0,157,532,2,2,2,0,1,0,0,0,0,0,82,9,73,0,73,0,0,9,9,82
"mo_priv034_v2_y2024","wildlife_hab_planting","pre",2661,2,"WB",81,2,25,158,482,2,18,4,0,0,0,0,0,36,9,55,91,9,0,100,0,0,45,45,100
"mo_priv044_v1_y2024","wildlife_hab_planting","intermediate post",3619,1,"WB",71,3,75,158,322,2,6,2,0,0,36,0,0,0,0,91,18,27,0,64,36,0,0,0,45
"mo_priv045_v1_y2024","wildlife_hab_planting","intermediate post",180,1,"IS",72,1,75,158,286,2,1,2,0,0,0,0,0,0,0,45,82,18,0,100,0,0,0,0,100
"mo_priv051_v1_y2024","wildlife_hab_planting","post",32,1,"IS",80,2,50,158,404,2,0,3,0,1,0,0,0,0,0,100,0,18,0,73,27,0,0,0,18
"mo_priv022_v1_y2024","wildlife_hab_planting","pre/post? Maybe void",1,1,"WB",78,4,0,162,512,1,0,3,0,0,0,0,0,0,0,18,45,36,0,100,0,0,0,0,82
"mo_priv046_v2_y2024","prescribed_grazing","na - neither",2425,2,"WB",75,2,0,162,402,5,2,0,2,1,82,0,0,0,9,82,0,55,0,100,0,0,9,9,55
"mo_priv047_v1_y2024","prescribed_grazing","post",0,1,"SG",73,1,0,162,273,1,1,1,0,1,0,0,0,0,0,9,0,91,0,100,0,0,0,0,91
"mo_priv048_v1_y2024","prescribed_grazing","post",NA,1,"SG",75,1,0,162,335,1,0,0,1,0,0,0,0,0,0,18,0,100,0,100,0,0,0,0,100
"mo_priv049_v1_y2024","prescribed_grazing","post",0,1,"WB",74,3,0,162,302,0,1,2,0,1,0,0,0,0,0,27,0,100,0,100,0,0,0,0,100
"mo_priv050_v1_y2024","prescribed_grazing","na - neither",0,1,"SG",77,2,0,162,453,1,0,0,0,0,0,0,0,0,0,0,0,73,0,100,0,0,0,0,73
"mo_priv001_v2_y2024","wildlife_hab_planting","post",1242,2,"SG",82,2,25,163,452,8,2,4,2,0,0,0,0,0,0,73,55,55,0,91,0,0,0,0,100
"mo_priv002_v2_y2024","wildlife_hab_planting","post",4866,2,"WB",82,2,50,163,417,9,5,0,1,0,0,0,0,0,0,91,64,18,0,100,0,0,0,0,82
"mo_priv004_v2_y2024","wildlife_hab_planting","post",6333,2,"SG",74,2,0,163,722,6,4,0,0,0,0,0,0,0,0,55,91,0,0,91,0,0,0,0,91
"mo_priv005_v2_y2024","wildlife_hab_planting","post",4,2,"WB",74,3,25,163,752,0,0,0,0,0,0,0,0,9,9,36,100,0,0,100,0,0,18,18,100
"mo_priv013_v2_y2024","wildlife_hab_planting","early post? (planted 2023)",286,2,"WB",83,2,75,163,522,2,6,1,1,0,0,0,0,0,0,73,0,27,0,73,64,0,0,0,27
"mo_priv019_v2_y2024","wildlife_hab_planting","intermediate post",5504,2,"SG",82,2,25,163,608,6,8,4,0,0,0,0,0,0,0,100,0,9,0,82,0,0,0,0,9
"mo_priv020_v2_y2024","wildlife_hab_planting","intermediate post",799,2,"WB",83,2,50,163,657,4,3,2,2,1,0,0,0,0,0,91,64,0,0,27,0,0,0,0,64
"mo_priv014_v2_y2024","wildlife_hab_planting","pre",438,2,"SG",87,4,0,164,559,1,1,1,1,3,0,0,0,0,0,45,0,100,0,100,0,0,0,0,100
"mo_priv015_v2_y2024","wildlife_hab_planting","pre",1191,2,"WB",87,3,25,164,527,3,0,0,0,0,0,0,0,0,0,18,0,100,0,73,27,0,0,0,100
"mo_priv016_v2_y2024","wildlife_hab_planting","pre",1025,2,"WB",88,2,0,165,402,1,1,1,2,0,0,0,0,0,0,82,82,0,0,100,0,0,0,0,82
"mo_priv017_v2_y2024","wildlife_hab_planting","post",2292,2,"WB",83,2,0,165,272,1,2,2,1,0,0,0,0,0,0,45,73,9,0,100,0,0,0,0,82
"mo_priv018_v2_y2024","wildlife_hab_planting","post",6356,2,"SG",85,4,0,165,328,3,6,2,1,0,0,0,0,0,0,27,64,36,0,100,0,0,0,0,100
"mo_priv003_v2_y2024","prescribed_grazing","Probably functionally ""pre"" but technically 4 years post...additional new seed mix added 2025 (probably bc first time didn’t work)",1372,2,"SG",92,4,25,165,573,3,1,1,0,0,0,0,0,0,18,45,82,18,0,100,0,0,18,18,100
"mo_priv043_v2_y2024","wildlife_hab_planting","pre",0,2,"WB",90,1,25,165,522,1,0,0,0,0,0,0,0,0,0,0,73,0,0,0,73,0,0,0,73
"mo_priv006_v2_y2024","prescribed_grazing","pre",2278,2,"IS",84,2,0,169,268,2,3,2,2,1,0,0,0,0,0,64,55,36,0,64,9,0,0,0,91
"mo_priv007_v1_y2024","prescribed_grazing","pre",971,1,"WB",90,4,25,169,577,1,3,0,0,0,82,0,0,0,0,36,18,73,0,45,36,0,0,0,91
"mo_priv009_v2_y2024","prescribed_grazing","na- hayfield",52,2,"IS",89,3,50,169,545,0,0,0,0,0,0,0,0,0,0,82,27,64,0,73,0,0,0,0,91
"mo_priv011_v2_y2024","prescribed_grazing","pre",5053,2,"IS",86,4,25,169,374,4,1,0,2,0,0,0,0,0,0,100,9,82,0,82,9,0,0,0,82
"mo_priv012_v2_y2024","prescribed_grazing","na- hayfield",7448,2,"WB",88,3,50,169,462,0,0,2,0,0,0,0,0,0,0,27,0,55,0,100,0,0,0,0,55
"mo_priv010_v2_y2024","prescribed_grazing","pre",1016,2,"no_survey",NA,NA,NA,169,NA,0,0,0,0,0,0,0,0,0,0,82,0,82,0,27,0,0,0,0,82
"mo_priv021_v1_y2024","wildlife_hab_planting","pre",1114,1,"IS",82,4,100,170,253,1,0,3,2,1,0,0,0,0,27,18,100,0,0,82,0,0,27,27,100
"mo_priv039_v2_y2024","wildlife_hab_planting","post",738,2,"WB",80,2,75,170,312,1,1,0,0,0,0,0,0,0,0,45,36,55,0,100,0,0,0,0,91
"mo_priv036_v2_y2024","wildlife_hab_planting","early post (just planted in spring)",58244,2,"WB",80,2,25,171,417,3,4,0,2,1,0,0,0,0,0,100,18,0,0,64,36,0,0,0,18
"mo_priv037_v2_y2024","wildlife_hab_planting","early post (just planted in spring)",21213,2,"IS",85,2,75,171,463,2,1,1,0,0,0,0,0,0,0,100,0,18,0,73,27,0,0,0,18
"mo_priv038_v2_y2024","wildlife_hab_planting","early post (just planted in spring)",4685,2,"WB",85,2,75,171,507,3,5,3,0,0,0,0,0,0,0,100,82,0,0,45,55,0,0,0,82
"mo_priv040_v2_y2024","wildlife_hab_planting","post",588,2,"IS",79,1,50,171,273,2,3,0,0,0,0,0,0,0,0,55,27,82,0,73,0,0,0,0,100
"mo_priv041_v2_y2024","wildlife_hab_planting","post",2401,2,"IS",82,2,75,171,348,2,0,0,0,0,0,0,0,0,0,91,27,0,0,45,0,0,0,0,27
"mo_priv023_v2_y2024","prescribed_grazing","pre",10606,2,"IS",94,3,0,176,318,8,2,0,0,0,0,0,0,9,0,82,0,64,0,82,0,0,9,9,64
"mo_priv024_v2_y2024","prescribed_grazing","pre",23036,2,"WB",95,4,0,176,416,3,0,1,0,0,0,0,0,18,0,91,0,64,0,9,73,0,18,18,64
"mo_priv025_v2_y2024","prescribed_grazing","pre",13555,2,"IS",99,2,0,176,490,6,1,2,0,0,0,0,0,9,0,64,0,45,0,82,9,0,9,9,45
"mo_priv029_v2_y2024","prescribed_grazing","pre",4016,2,"WB",96,3,25,176,581,3,4,2,4,0,0,0,0,9,0,55,0,73,0,27,27,0,9,9,73
"mo_priv030_v2_y2024","prescribed_grazing","pre",38952,2,"IS",99,3,25,176,616,1,2,1,1,0,0,0,0,9,9,55,0,73,0,18,45,0,18,18,64
"mo_priv026_v2_y2024","prescribed_grazing","pre",24974,2,"IS",88,2,100,177,524,6,0,3,0,1,0,0,0,9,0,64,0,91,0,36,0,0,9,9,91
"mo_priv027_v2_y2024","prescribed_grazing","pre",11761,2,"WB",89,2,75,177,570,4,7,2,2,0,0,0,0,27,0,64,0,36,0,82,9,0,27,27,36
"mo_priv028_v2_y2024","prescribed_grazing","pre",4475,2,"WB",89,2,100,177,290,4,2,0,0,0,45,9,9,9,45,45,0,45,0,45,36,18,55,73,45
"mo_priv031_v2_y2024","prescribed_grazing","pre",30756,2,"WB",90,2,100,177,430,1,3,1,0,0,0,0,0,45,0,45,0,73,0,0,27,0,45,45,73
"mo_priv032_v2_y2024","prescribed_grazing","pre",23299,2,"IS",89,4,100,177,345,3,3,1,1,2,0,0,0,0,0,91,9,45,0,73,9,0,0,0,55
"mo_priv033_v2_y2024","prescribed_grazing","pre",1877,2,"IS",91,3,100,177,602,2,1,2,0,2,0,0,0,0,0,82,9,73,0,73,0,0,9,9,82
"mo_priv034_v3_y2024","wildlife_hab_planting","pre",2007,3,"IS",84,3,25,178,480,2,6,0,1,0,0,0,0,36,9,55,91,9,0,100,0,0,45,45,100
"mo_priv044_v3_y2024","wildlife_hab_planting","intermediate post",30483,3,"IS",75,1,25,178,309,5,4,0,0,0,36,0,0,0,0,91,18,27,0,64,36,0,0,0,45
"mo_priv045_v2_y2024","wildlife_hab_planting","intermediate post",570,2,"WB",73,2,100,178,280,1,0,0,0,0,0,0,0,0,0,45,82,18,0,100,0,0,0,0,100
"mo_priv051_v2_y2024","wildlife_hab_planting","post",3729,2,"WB",80,2,50,178,410,2,0,1,0,0,0,0,0,0,0,100,0,18,0,73,27,0,0,0,18
"mo_priv035_v2_y2024","wildlife_hab_planting","pre",485,2,"IS",87,2,50,179,599,0,0,1,0,0,0,0,0,0,0,73,0,55,0,82,0,0,0,0,55
"mo_priv042_v2_y2024","wildlife_hab_planting","post",24032,2,"IS",85,1,25,179,456,7,1,2,1,0,0,0,0,0,0,55,73,0,0,64,18,0,0,0,73
"mo_priv021_v2_y2024","wildlife_hab_planting","pre",1941,2,"IS",92,3,25,184,499,1,1,0,3,1,0,0,0,0,27,18,100,0,0,82,0,0,27,27,100
"mo_priv022_v2_y2024","wildlife_hab_planting","pre/post? Maybe void",13,2,"WB",91,3,0,184,437,1,1,0,1,0,0,0,0,0,0,18,45,36,0,100,0,0,0,0,82
"mo_priv046_v3_y2024","prescribed_grazing","na - neither",393,3,"IS",90,2,0,184,387,0,0,0,1,0,82,0,0,0,9,82,0,55,0,100,0,0,9,9,55
"mo_priv047_v2_y2024","prescribed_grazing","post",8,2,"IS",83,3,25,184,273,0,0,0,0,0,0,0,0,0,0,9,0,91,0,100,0,0,0,0,91
"mo_priv048_v2_y2024","prescribed_grazing","post",0,2,"IS",86,4,25,184,325,0,0,1,0,0,0,0,0,0,0,18,0,100,0,100,0,0,0,0,100
"mo_priv049_v2_y2024","prescribed_grazing","post",12,2,"WB",83,3,25,184,297,0,0,0,0,0,0,0,0,0,0,27,0,100,0,100,0,0,0,0,100
"mo_priv050_v2_y2024","prescribed_grazing","na - neither",0,2,"WB",87,3,0,184,352,0,0,1,1,0,0,0,0,0,0,0,0,73,0,100,0,0,0,0,73
"mo_priv014_v3_y2024","wildlife_hab_planting","pre",179,3,"IS",76,2,75,187,429,0,0,1,0,0,0,0,0,0,0,45,0,100,0,100,0,0,0,0,100
"mo_priv015_v3_y2024","wildlife_hab_planting","pre",17,3,"WB",76,2,50,187,416,0,1,0,0,0,0,0,0,0,0,18,0,100,0,73,27,0,0,0,100
"mo_priv016_v3_y2024","wildlife_hab_planting","pre",4654,3,"IS",77,4,50,187,351,0,1,0,1,0,0,0,0,0,0,82,82,0,0,100,0,0,0,0,82
"mo_priv017_v3_y2024","wildlife_hab_planting","post",3486,3,"IS",75,3,0,187,253,2,1,0,0,0,0,0,0,0,0,45,73,9,0,100,0,0,0,0,82
"mo_priv018_v3_y2024","wildlife_hab_planting","post",1138,3,"WB",74,4,25,187,301,0,0,0,0,0,0,0,0,0,0,27,64,36,0,100,0,0,0,0,100
"mo_priv006_v3_y2024","prescribed_grazing","pre",1023,3,"IS",76,3,50,190,274,1,3,0,0,1,0,0,0,0,0,64,55,36,0,64,9,0,0,0,91
"mo_priv007_v2_y2024","prescribed_grazing","pre",1024,2,"WB",83,2,50,190,519,0,0,2,0,0,82,0,0,0,0,36,18,73,0,45,36,0,0,0,91
"mo_priv008_v3_y2024","prescribed_grazing","pre",70,3,"WB",84,2,50,190,584,2,1,0,0,1,9,0,0,0,0,55,55,64,0,73,9,0,0,0,100
"mo_priv009_v3_y2024","prescribed_grazing","na- hayfield",1024,3,"IS",83,3,50,190,568,0,0,1,2,0,0,0,0,0,0,82,27,64,0,73,0,0,0,0,91
"mo_priv010_v3_y2024","prescribed_grazing","pre",245,3,"IS",78,2,75,190,321,1,1,0,2,1,0,0,0,0,0,82,0,82,0,27,0,0,0,0,82
"mo_priv011_v3_y2024","prescribed_grazing","pre",2882,3,"WB",80,2,50,190,369,5,0,1,0,0,0,0,0,0,0,100,9,82,0,82,9,0,0,0,82
"mo_priv012_v3_y2024","prescribed_grazing","na- hayfield",5431,3,"IS",81,2,25,190,442,3,2,2,0,0,0,0,0,0,0,27,0,55,0,100,0,0,0,0,55
"mo_priv001_v3_y2024","wildlife_hab_planting","post",2433,3,"WB",77,2,100,191,328,1,1,1,0,0,0,0,0,0,0,73,55,55,0,91,0,0,0,0,100
"mo_priv002_v3_y2024","wildlife_hab_planting","post",3217,3,"IS",75,2,100,191,268,1,1,1,0,0,0,0,0,0,0,91,64,18,0,100,0,0,0,0,82
"mo_priv003_v3_y2024","wildlife_hab_planting","Probably functionally ""pre"" but technically 4 years post...additional new seed mix added 2025 (probably bc first time didn’t work)",7679,3,"IS",77,1,100,191,397,2,1,3,0,0,0,0,0,0,18,45,82,18,0,100,0,0,18,18,100
"mo_priv043_v3_y2024","wildlife_hab_planting","pre",0,3,"WB",75,0,100,191,453,0,0,0,0,0,0,0,0,0,0,0,73,0,0,0,73,0,0,0,73
"mo_priv004_v3_y2024","wildlife_hab_planting","post",9995,3,"WB",87,2,25,192,617,5,1,1,0,0,0,0,0,0,0,55,91,0,0,91,0,0,0,0,91
"mo_priv005_v3_y2024","wildlife_hab_planting","post",NA,3,"WB",87,5,100,192,642,0,0,0,0,0,0,0,0,9,9,36,100,0,0,100,0,0,18,18,100
"mo_priv013_v3_y2024","wildlife_hab_planting","early post? (planted 2023)",1596,3,"WB",85,1,50,192,452,1,3,1,0,1,0,0,0,0,0,73,0,27,0,73,64,0,0,0,27
"mo_priv019_v3_y2024","wildlife_hab_planting","intermediate post",8812,3,"WB",81,2,0,192,267,2,3,0,0,0,0,0,0,0,0,100,0,9,0,82,0,0,0,0,9
"mo_priv020_v3_y2024","wildlife_hab_planting","intermediate post",4771,3,"IS",83,3,0,192,334,9,1,4,2,0,0,0,0,0,0,91,64,0,0,27,0,0,0,0,64
"mo_priv035_v3_y2024","wildlife_hab_planting","pre",1298,3,"WB",86,2,25,197,249,0,0,0,1,1,0,0,0,0,0,73,0,55,0,82,0,0,0,0,55
"mo_priv039_v3_y2024","wildlife_hab_planting","post",1128,3,"WB",90,2,0,197,369,0,1,0,0,0,0,0,0,0,0,45,36,55,0,100,0,0,0,0,91
"mo_priv040_v3_y2024","wildlife_hab_planting","post",399,3,"IS",89,1,0,197,324,2,1,1,1,0,0,0,0,0,0,55,27,82,0,73,0,0,0,0,100
"mo_priv041_v3_y2024","wildlife_hab_planting","post",628,3,"IS",92,3,0,197,420,2,2,0,0,0,0,0,0,0,0,91,27,0,0,45,0,0,0,0,27
"mo_priv042_v3_y2024","wildlife_hab_planting","post",2617,3,"WB",93,3,0,197,579,7,0,1,0,0,0,0,0,0,0,55,73,0,0,64,18,0,0,0,73
"mo_priv034_v4_y2024","wildlife_hab_planting","pre",2924,4,"WB",85,3,25,199,527,2,1,1,0,0,0,0,0,36,9,55,91,9,0,100,0,0,45,45,100
"mo_priv044_v4_y2024","wildlife_hab_planting","intermediate post",28796,4,"WB",80,3,0,199,337,2,0,2,0,0,36,0,0,0,0,91,18,27,0,64,36,0,0,0,45
"mo_priv045_v3_y2024","wildlife_hab_planting","intermediate post",684,3,"IS",79,3,0,199,292,2,2,0,0,0,0,0,0,0,0,45,82,18,0,100,0,0,0,0,100
"mo_priv051_v3_y2024","wildlife_hab_planting","post",203664,3,"IS",85,3,0,199,446,1,1,1,1,0,0,0,0,0,0,100,0,18,0,73,27,0,0,0,18
"mo_priv027_v3_y2024","prescribed_grazing","pre",42062,3,"IS",77,2,50,200,283,3,2,2,0,0,0,0,0,27,0,64,0,36,0,82,9,0,27,27,36
"mo_priv029_v3_y2024","prescribed_grazing","pre",5349,3,"WB",78,2,75,200,346,3,4,2,0,2,0,0,0,9,0,55,0,73,0,27,27,0,9,9,73
"mo_priv030_v3_y2024","prescribed_grazing","pre",134389,3,"WB",79,2,75,200,401,8,3,0,0,0,0,0,0,9,9,55,0,73,0,18,45,0,18,18,64
"mo_priv031_v3_y2024","prescribed_grazing","pre",112750,3,"WB",79,2,50,200,551,5,4,7,0,2,0,0,0,45,0,45,0,73,0,0,27,0,45,45,73
"mo_priv032_v3_y2024","prescribed_grazing","pre",120476,3,"IS",80,3,50,200,492,7,6,6,3,1,0,0,0,0,0,91,9,45,0,73,9,0,0,0,55
"mo_priv033_v3_y2024","prescribed_grazing","pre",74071,3,"IS",80,3,25,200,598,9,3,1,1,0,0,0,0,0,0,82,9,73,0,73,0,0,9,9,82
"mo_priv023_v3_y2024","prescribed_grazing","pre",83253,3,"IS",78,1,75,201,350,7,4,0,0,1,0,0,0,9,0,82,0,64,0,82,0,0,9,9,64
"mo_priv025_v3_y2024","prescribed_grazing","pre",356669,3,"IS",78,1,50,201,513,19,2,1,2,0,0,0,0,9,0,64,0,45,0,82,9,0,9,9,45
"mo_priv026_v3_y2024","prescribed_grazing","pre",232170,3,"WB",80,2,50,201,576,5,4,2,0,1,0,0,0,9,0,64,0,91,0,36,0,0,9,9,91
"mo_priv028_v3_y2024","prescribed_grazing","pre",4687,3,"WB",75,1,50,201,286,1,3,1,0,0,45,9,9,9,45,45,0,45,0,45,36,18,55,73,45
"mo_priv024_v3_y2024","prescribed_grazing","pre",90499,3,"WB",79,2,50,201,391,2,8,0,0,0,0,0,0,18,0,91,0,64,0,9,73,0,18,18,64
"mo_priv006_v4_y2024","prescribed_grazing","pre",4155,4,"IS",78,1,75,204,289,8,2,0,0,1,0,0,0,0,0,64,55,36,0,64,9,0,0,0,91
"mo_priv007_v3_y2024","prescribed_grazing","pre",4382,3,"IS",82,1,100,204,537,2,0,0,0,1,82,0,0,0,0,36,18,73,0,45,36,0,0,0,91
"mo_priv008_v4_y2024","prescribed_grazing","pre",9425,4,"WB",80,2,75,204,598,1,0,0,0,0,9,0,0,0,0,55,55,64,0,73,9,0,0,0,100
"mo_priv009_v4_y2024","prescribed_grazing","na- hayfield",2475,4,"IS",81,2,75,204,578,4,2,2,1,0,0,0,0,0,0,82,27,64,0,73,0,0,0,0,91
"mo_priv010_v4_y2024","prescribed_grazing","pre",935,4,"WB",82,1,75,204,418,0,3,3,0,0,0,0,0,0,0,82,0,82,0,27,0,0,0,0,82
"mo_priv011_v4_y2024","prescribed_grazing","pre",6474,4,"IS",79,2,75,204,355,10,4,0,0,0,0,0,0,0,0,100,9,82,0,82,9,0,0,0,82
"mo_priv012_v4_y2024","prescribed_grazing","na- hayfield",48,4,"WB",82,1,75,204,493,2,0,0,0,0,0,0,0,0,0,27,0,55,0,100,0,0,0,0,55
"mo_priv014_v4_y2024","wildlife_hab_planting","pre",202,4,"IS",83,1,50,205,421,4,0,0,0,1,0,0,0,0,0,45,0,100,0,100,0,0,0,0,100
"mo_priv015_v4_y2024","wildlife_hab_planting","pre",1174,4,"WB",83,2,50,205,412,2,1,0,0,1,0,0,0,0,0,18,0,100,0,73,27,0,0,0,100
"mo_priv016_v4_y2024","wildlife_hab_planting","pre",51229,4,"WB",82,2,25,205,352,3,2,0,0,1,0,0,0,0,0,82,82,0,0,100,0,0,0,0,82
"mo_priv017_v4_y2024","wildlife_hab_planting","post",579,4,"WB",79,2,0,205,262,1,3,3,0,0,0,0,0,0,0,45,73,9,0,100,0,0,0,0,82
"mo_priv018_v4_y2024","wildlife_hab_planting","post",1033,4,"IS",81,2,0,205,298,2,1,0,0,0,0,0,0,0,0,27,64,36,0,100,0,0,0,0,100
"mo_priv036_v3_y2024","wildlife_hab_planting","early post (just planted in spring)",27,3,"IS",84,2,0,206,300,0,0,0,1,0,0,0,0,0,0,100,18,0,0,64,36,0,0,0,18
"mo_priv037_v4_y2024","wildlife_hab_planting","early post (just planted in spring)",4,4,"WB",86,0,0,206,376,1,0,0,0,0,0,0,0,0,0,100,0,18,0,73,27,0,0,0,18
"mo_priv038_v3_y2024","wildlife_hab_planting","early post (just planted in spring)",1028,3,"IS",87,3,25,206,466,3,0,2,0,0,0,0,0,0,0,100,82,0,0,45,55,0,0,0,82
"mo_priv035_v4_y2024","wildlife_hab_planting","pre",8,4,"IS",83,1,0,207,262,0,1,0,0,0,0,0,0,0,0,73,0,55,0,82,0,0,0,0,55
"mo_priv039_v4_y2024","wildlife_hab_planting","post",252,4,"IS",88,1,0,207,339,2,0,0,0,0,0,0,0,0,0,45,36,55,0,100,0,0,0,0,91
"mo_priv040_v4_y2024","wildlife_hab_planting","post",366,4,"WB",87,1,0,207,315,2,0,1,0,0,0,0,0,0,0,55,27,82,0,73,0,0,0,0,100
"mo_priv041_v4_y2024","wildlife_hab_planting","post",1284,4,"WB",88,2,0,207,370,1,0,1,0,0,0,0,0,0,0,91,27,0,0,45,0,0,0,0,27
"mo_priv042_v4_y2024","wildlife_hab_planting","post",2222,4,"IS",88,1,0,207,428,12,3,3,0,1,0,0,0,0,0,55,73,0,0,64,18,0,0,0,73
"mo_priv001_v4_y2024","wildlife_hab_planting","post",1040,4,"IS",92,2,0,211,430,10,1,1,1,0,0,0,0,0,0,73,55,55,0,91,0,0,0,0,100
"mo_priv002_v4_y2024","wildlife_hab_planting","post",647,4,"WB",91,1,0,211,402,3,1,1,0,0,0,0,0,0,0,91,64,18,0,100,0,0,0,0,82
"mo_priv003_v4_y2024","wildlife_hab_planting","Probably functionally ""pre"" but technically 4 years post...additional new seed mix added 2025 (probably bc first time didn’t work)",16019,4,"WB",87,2,0,211,347,0,0,2,3,0,0,0,0,0,18,45,82,18,0,100,0,0,18,18,100
"mo_priv013_v4_y2024","wildlife_hab_planting","early post? (planted 2023)",238,4,"IS",84,2,0,211,234,4,0,1,0,2,0,0,0,0,0,73,0,27,0,73,64,0,0,0,27
"mo_priv043_v4_y2024","wildlife_hab_planting","pre",0,4,"IS",87,1,0,211,304,0,0,0,0,0,0,0,0,0,0,0,73,0,0,0,73,0,0,0,73
"mo_priv004_v4_y2024","wildlife_hab_planting","post",4685,4,"IS",83,3,25,212,463,4,3,0,0,0,0,0,0,0,0,55,91,0,0,91,0,0,0,0,91
"mo_priv005_v4_y2024","wildlife_hab_planting","post",2564,4,"WB",89,4,25,212,441,1,0,0,0,0,0,0,0,9,9,36,100,0,0,100,0,0,18,18,100
"mo_priv019_v4_y2024","wildlife_hab_planting","intermediate post",8351,4,"IS",87,3,25,212,314,2,1,0,1,2,0,0,0,0,0,100,0,9,0,82,0,0,0,0,9
"mo_priv020_v4_y2024","wildlife_hab_planting","intermediate post",2920,4,"IS",89,0,100,212,382,4,2,0,1,0,0,0,0,0,0,91,64,0,0,27,0,0,0,0,64
"mo_priv021_v3_y2024","wildlife_hab_planting","pre",683,3,"WB",86,2,25,212,241,1,3,1,0,0,0,0,0,0,27,18,100,0,0,82,0,0,27,27,100
"mo_priv023_v4_y2024","prescribed_grazing","pre",16045,4,"KM",87,4,25,218,301,14,6,1,0,1,0,0,0,9,0,82,0,64,0,82,0,0,9,9,64
"mo_priv024_v4_y2024","prescribed_grazing","pre",5045,4,"KM",92,3,0,218,338,19,0,4,3,0,0,0,0,18,0,91,0,64,0,9,73,0,18,18,64
"mo_priv025_v4_y2024","prescribed_grazing","pre",11186,4,"KM",94,1,50,218,386,13,5,1,0,0,0,0,0,9,0,64,0,45,0,82,9,0,9,9,45
"mo_priv026_v4_y2024","prescribed_grazing","pre",18326,4,"KM",87,3,0,218,246,26,6,2,1,0,0,0,0,9,0,64,0,91,0,36,0,0,9,9,91
"mo_priv028_v4_y2024","prescribed_grazing","pre",5484,4,"IS",94,2,25,218,409,6,2,0,0,0,45,9,9,9,45,45,0,45,0,45,36,18,55,73,45
"mo_priv031_v4_y2024","prescribed_grazing","pre",29068,4,"IS",87,2,0,218,255,10,1,1,0,0,0,0,0,45,0,45,0,73,0,0,27,0,45,45,73
"mo_priv032_v4_y2024","prescribed_grazing","pre",8513,4,"IS",90,2,0,218,300,8,5,1,1,0,0,0,0,0,0,91,9,45,0,73,9,0,0,0,55
"mo_priv033_v4_y2024","prescribed_grazing","pre",28903,4,"IS",93,2,25,218,365,7,6,0,0,0,0,0,0,0,0,82,9,73,0,73,0,0,9,9,82
"mo_priv022_v4_y2024","wildlife_hab_planting","pre/post? Maybe void",75,4,"KM",71,3,100,219,537,4,1,0,2,0,0,0,0,0,0,18,45,36,0,100,0,0,0,0,82
"mo_priv027_v4_y2024","prescribed_grazing","pre",1605,4,"IS",85,2,75,219,352,2,4,5,0,0,0,0,0,27,0,64,0,36,0,82,9,0,27,27,36
"mo_priv029_v4_y2024","prescribed_grazing","pre",4474,4,"IS",85,3,50,219,316,12,2,1,0,0,0,0,0,9,0,55,0,73,0,27,27,0,9,9,73
"mo_priv030_v4_y2024","prescribed_grazing","pre",6134,4,"IS",76,3,25,219,295,6,0,0,0,0,0,0,0,9,9,55,0,73,0,18,45,0,18,18,64
"mo_priv036_v4_y2024","wildlife_hab_planting","early post (just planted in spring)",0,4,"SG",79,1,75,219,209,0,0,0,0,0,0,0,0,0,0,100,18,0,0,64,36,0,0,0,18
"mo_priv038_v4_y2024","wildlife_hab_planting","early post (just planted in spring)",652,4,"SG",78,3,100,219,243,0,0,0,0,0,0,0,0,0,0,100,82,0,0,45,55,0,0,0,82
"mo_priv046_v4_y2024","prescribed_grazing","na - neither",772,4,"KM",72,1,100,219,458,2,0,1,0,0,82,0,0,0,9,82,0,55,0,100,0,0,9,9,55
"mo_priv047_v4_y2024","prescribed_grazing","post",0,4,"KM",70,3,100,219,377,1,0,0,0,0,0,0,0,0,0,9,0,91,0,100,0,0,0,0,91
"mo_priv048_v4_y2024","prescribed_grazing","post",1072,4,"KM",71,2,100,219,419,0,0,0,0,0,0,0,0,0,0,18,0,100,0,100,0,0,0,0,100
"mo_priv049_v4_y2024","prescribed_grazing","post",23,4,"KM",70,3,100,219,396,0,0,0,0,0,0,0,0,0,0,27,0,100,0,100,0,0,0,0,100
"mo_priv050_v4_y2024","prescribed_grazing","na - neither",0,4,"KM",72,3,100,219,494,1,0,0,0,0,0,0,0,0,0,0,0,73,0,100,0,0,0,0,73
"ks_priv016_v1_y2025","prescribed_burning","pre",226,1,"RR",69,4,75,135,276,0,0,0,0,0,0,0,0,0,0,0,0,36,0,73,27,0,0,0,36
"ks_priv014_v1_y2025","prescribed_burning","pre",7,1,"MC",78,4,0,135,505,0,1,0,0,0,0,0,0,0,0,0,0,64,0,27,64,0,0,0,64
"ks_priv015_v1_y2025","prescribed_burning","pre",14,1,"MC",66,2,0,135,243,0,0,0,0,0,0,0,0,0,0,0,36,55,0,18,36,0,0,0,91
"ks_priv013_v1_y2025","prescribed_burning","pre",2,1,"RR",69,4,0,136,236,0,0,0,0,0,0,0,0,0,0,0,64,18,0,0,55,0,0,0,82
"ks_priv062_v1_y2025","brush_management","post",162,1,"RR",76,3,0,136,393,0,0,0,0,0,9,0,0,0,0,0,0,27,0,0,82,0,0,0,27
"ks_priv017_v1_y2025","prescribed_burning","post",293,1,"MC",71,4,0,136,299,0,0,1,0,0,0,0,0,0,0,0,100,0,0,9,18,0,0,0,100
"ks_priv061_v1_y2025","brush_management","post",999,1,"MC",65,3,100,137,237,0,0,0,0,0,9,0,0,0,0,0,0,64,9,27,18,0,0,0,64
"ks_priv004_v1_y2025","prescribed_burning","post",0,1,"RR",71,3,0,139,288,2,0,0,0,0,0,0,0,0,0,9,45,36,0,55,0,0,0,0,82
"ks_priv002_v1_y2025","prescribed_burning","post",495,1,"RR",74,3,0,139,352,1,0,0,0,1,0,0,0,0,0,0,55,9,0,73,18,0,0,0,64
"ks_priv003_v1_y2025","prescribed_burning","post",0,1,"MC",73,3,0,139,322,3,0,0,1,0,0,0,0,0,0,18,36,18,0,18,9,0,0,0,55
"ks_priv001_v1_y2025","prescribed_burning","post",536,1,"MC",70,3,0,139,255,6,1,1,0,0,0,0,0,0,0,0,18,18,0,64,0,0,0,0,36
"ks_priv020_v1_y2025","prescribed_burning","pre",80,1,"RR",60,1,0,141,249,1,2,0,0,0,0,0,0,0,0,18,82,9,0,45,0,0,0,0,91
"ks_priv019_v1_y2025","prescribed_burning","pre",1947,1,"RR",62,2,0,141,276,0,0,1,1,0,0,0,0,0,0,9,0,27,0,45,18,0,0,0,27
"ks_priv025_v1_y2025","prescribed_burning","pre",215,1,"RR",69,2,25,141,394,4,0,2,0,0,9,0,0,0,0,45,0,27,0,27,0,0,0,0,27
"ks_priv023_v1_y2025","prescribed_burning","pre",2,1,"RR",70,1,25,141,431,0,2,0,1,0,0,0,0,9,0,18,9,27,0,45,0,0,9,9,36
"ks_priv031_v1_y2025","prescribed_burning","pre",104,1,"RR",71,3,75,141,496,1,1,0,0,0,0,0,0,0,0,9,73,0,9,55,18,0,0,0,73
"ks_priv022_v1_y2025","prescribed_burning","pre",73,1,"MC",61,2,0,141,276,1,1,0,0,0,9,0,0,0,0,18,82,0,0,18,55,0,0,0,82
"ks_priv021_v1_y2025","prescribed_burning","pre",105,1,"MC",61,2,0,141,255,0,0,0,0,0,0,0,0,0,0,9,0,45,0,36,9,0,0,0,45
"ks_priv032_v1_y2025","prescribed_burning","pre",8,1,"MC",72,2,50,141,520,0,0,0,0,0,0,0,0,0,0,0,27,9,0,64,0,0,0,0,36
"ks_priv024_v1_y2025","prescribed_burning","pre",2727,1,"MC",70,2,25,141,408,3,2,0,1,0,0,0,0,0,0,27,45,9,9,36,27,0,0,0,55
"ks_priv027_v1_y2025","prescribed_burning","pre",0,1,"RR",65,0,0,142,274,0,0,0,0,0,100,0,0,0,0,0,64,0,27,55,9,0,0,0,64
"ks_priv028_v1_y2025","prescribed_burning","pre",204,1,"RR",65,2,25,142,347,1,0,0,0,0,0,0,0,27,0,9,0,64,0,9,9,0,27,27,64
"ks_priv029_v1_y2025","prescribed_burning","pre",336,1,"RR",67,3,25,142,393,1,0,0,0,0,0,0,0,0,0,27,64,9,0,27,27,0,0,0,73
"ks_priv030_v1_y2025","prescribed_burning","pre",10,1,"MC",68,2,50,142,423,1,0,0,0,0,0,0,0,18,0,0,0,45,0,18,18,0,18,18,45
"ks_priv026_v1_y2025","prescribed_burning","pre",732,1,"MC",64,2,0,142,312,0,1,0,0,0,0,0,0,0,0,9,0,27,0,55,9,0,0,0,27
"ks_priv037_v1_y2025","not_enrolled_in_NRCS","pre",0,1,"RR",60,1,75,143,262,0,0,0,0,0,0,0,0,0,0,18,55,9,55,45,18,0,0,0,64
"ks_priv038_v1_y2025","not_enrolled_in_NRCS","pre",1,1,"RR",64,2,50,143,345,1,0,0,0,0,0,0,0,0,0,27,82,9,9,55,0,0,0,0,91
"ks_priv041_v1_y2025","not_enrolled_in_NRCS","pre",0,1,"RR",68,3,50,143,477,0,0,0,0,1,36,0,0,0,0,73,45,0,0,36,0,0,0,0,45
"ks_priv039_v1_y2025","not_enrolled_in_NRCS","pre",0,1,"MC",62,2,50,143,311,0,0,0,0,0,0,0,0,0,0,9,0,27,0,64,0,0,0,0,27
"ks_priv040_v1_y2025","not_enrolled_in_NRCS","pre",165,1,"MC",62,3,100,143,412,1,0,0,0,0,18,0,0,0,0,27,18,36,0,18,0,0,0,0,55
"ks_priv044_v1_y2025","not_enrolled_in_NRCS","pre",645,1,"MC",67,1,75,149,449,0,1,1,1,1,0,0,0,0,0,64,0,36,0,0,0,0,0,0,36
"ks_priv045_v1_y2025","not_enrolled_in_NRCS","pre",141,1,"MC",69,1,25,149,586,0,0,1,2,1,0,0,0,0,0,64,82,0,0,0,9,0,0,0,82
"ks_priv047_v1_y2025","not_enrolled_in_NRCS","pre",0,1,"RR",68,2,75,149,498,0,0,0,1,0,0,0,0,0,0,9,55,18,0,27,82,0,0,0,73
"ks_priv043_v1_y2025","not_enrolled_in_NRCS","pre",20,1,"RR",69,1,75,149,590,1,0,0,0,0,0,0,0,0,0,55,0,45,0,0,0,0,0,0,45
"ks_priv048_v1_y2025","brush_management","post",11,1,"MC",71,2,0,150,363,4,0,1,1,1,18,0,0,0,0,55,18,0,0,27,0,0,0,0,18
"ks_priv046_v1_y2025","not_enrolled_in_NRCS","pre",0,1,"MC",74,1,0,150,505,0,0,0,0,0,91,0,0,0,18,18,0,0,18,45,9,0,18,18,0
"ks_priv053_v1_y2025","brush_management","post",561,1,"RR",67,1,25,150,275,0,1,1,0,0,73,0,0,0,0,55,18,0,0,45,9,0,0,0,18
"ks_priv042_v1_y2025","not_enrolled_in_NRCS","pre",96,1,"RR",73,1,0,150,447,0,1,2,0,0,0,0,0,0,0,55,64,0,9,0,36,0,0,0,64
"ks_priv056_v1_y2025","brush_management","pre",245,1,"RR",81,3,25,151,460,1,0,1,0,0,0,0,0,0,0,36,100,0,0,9,0,0,0,0,100
"ks_priv055_v1_y2025","brush_management","pre",547,1,"MC",77,2,0,151,347,0,3,0,1,2,36,0,0,0,0,9,18,27,0,45,0,0,0,0,45
"ks_priv059_v1_y2025","brush_management","pre",20,1,"RR",78,1,0,152,336,1,0,0,1,0,0,0,0,0,0,27,27,36,0,9,0,0,0,0,64
"ks_priv060_v1_y2025","brush_management","pre",414,1,"RR",80,0,0,152,378,2,1,0,0,1,0,0,0,0,0,36,0,27,0,18,18,0,0,0,27
"ks_priv058_v1_y2025","brush_management","pre",140,1,"MC",78,2,0,152,334,0,0,0,0,0,27,0,0,0,0,73,45,9,0,18,18,0,0,0,55
"ks_priv036_v1_y2025","not_enrolled_in_NRCS","pre",45204,1,"RR",79,2,25,153,301,1,0,0,0,1,0,0,0,0,27,9,0,27,0,36,0,0,27,27,27
"ks_priv035_v1_y2025","not_enrolled_in_NRCS","pre",85,1,"MC",77,3,0,153,269,0,0,0,0,0,55,0,0,0,0,0,0,64,0,0,36,0,0,0,64
"ks_priv034_v1_y2025","not_enrolled_in_NRCS","pre",3629,1,"MC",79,3,0,153,299,0,0,1,0,0,0,0,0,9,0,36,64,9,0,9,0,0,9,9,73
"ks_priv033_v1_y2025","not_enrolled_in_NRCS","pre",1459,1,"MC",80,3,0,153,328,1,0,1,0,0,27,0,0,0,0,27,9,36,9,9,0,0,0,0,45
"ks_priv017_v2_y2025","prescribed_burning","post",27,2,"MC",62,3,50,155,247,0,0,0,2,0,0,0,0,0,0,0,100,0,0,9,18,0,0,0,100
"ks_priv015_v2_y2025","prescribed_burning","pre",36,2,"MC",67,3,75,155,369,0,0,0,0,0,0,0,0,0,0,0,36,55,0,18,36,0,0,0,91
"ks_priv016_v2_y2025","prescribed_burning","pre",978,2,"MC",68,4,50,155,404,0,3,0,1,0,0,0,0,0,0,0,0,36,0,73,27,0,0,0,36
"ks_priv013_v2_y2025","prescribed_burning","pre",92,2,"RR",65,3,25,155,326,0,0,1,1,0,0,0,0,0,0,0,64,18,0,0,55,0,0,0,82
"ks_priv014_v2_y2025","prescribed_burning","pre",9,2,"RR",66,3,25,155,351,0,1,1,1,1,0,0,0,0,0,0,0,64,0,27,64,0,0,0,64
"ks_priv003_v2_y2025","prescribed_burning","post",0,2,"MC",64,1,100,156,282,0,0,0,0,0,0,0,0,0,0,18,36,18,0,18,9,0,0,0,55
"ks_priv001_v2_y2025","prescribed_burning","post",1,2,"MC",66,2,100,156,326,0,1,0,0,0,0,0,0,0,0,0,18,18,0,64,0,0,0,0,36
"ks_priv002_v2_y2025","prescribed_burning","post",2276,2,"RR",62,1,100,156,252,0,0,0,0,0,0,0,0,0,0,0,55,9,0,73,18,0,0,0,64
"ks_priv004_v2_y2025","prescribed_burning","post",NA,2,"RR",66,1,100,156,300,0,0,0,0,0,0,0,0,0,0,9,45,36,0,55,0,0,0,0,82
"ks_priv021_v2_y2025","prescribed_burning","pre",518,2,"RR",68,2,50,158,269,0,0,0,0,0,0,0,0,0,0,9,0,45,0,36,9,0,0,0,45
"ks_priv019_v2_y2025","prescribed_burning","pre",4986,2,"RR",71,2,0,158,333,0,1,2,1,1,0,0,0,0,0,9,0,27,0,45,18,0,0,0,27
"ks_priv022_v2_y2025","prescribed_burning","pre",4427,2,"MC",69,2,0,158,297,3,1,0,0,0,9,0,0,0,0,18,82,0,0,18,55,0,0,0,82
"ks_priv020_v2_y2025","prescribed_burning","pre",1675,2,"MC",72,2,0,158,361,3,1,0,3,4,0,0,0,0,0,18,82,9,0,45,0,0,0,0,91
"ks_priv061_v2_y2025","brush_management","post",18,2,"MC",82,3,0,159,327,0,0,2,1,1,9,0,0,0,0,0,0,64,9,27,18,0,0,0,64
"ks_priv062_v2_y2025","brush_management","post",40,2,"RR",73,3,0,160,247,1,0,1,0,0,9,0,0,0,0,0,0,27,0,0,82,0,0,0,27
"ks_priv023_v2_y2025","prescribed_burning","pre",9135,2,"RR",75,1,0,161,295,0,1,1,0,0,0,0,0,9,0,18,9,27,0,45,0,0,9,9,36
"ks_priv031_v2_y2025","prescribed_burning","pre",5575,2,"RR",83,1,0,161,430,0,0,0,0,1,0,0,0,0,0,9,73,0,9,55,18,0,0,0,73
"ks_priv025_v2_y2025","prescribed_burning","pre",132365,2,"MC",73,2,0,161,296,3,0,2,0,0,9,0,0,0,0,45,0,27,0,27,0,0,0,0,27
"ks_priv024_v2_y2025","prescribed_burning","pre",18686,2,"MC",74,2,0,161,330,3,0,1,1,0,0,0,0,0,0,27,45,9,9,36,27,0,0,0,55
"ks_priv032_v2_y2025","prescribed_burning","pre",221,2,"MC",82,2,0,161,415,0,1,0,1,0,0,0,0,0,0,0,27,9,0,64,0,0,0,0,36
"ks_priv030_v2_y2025","prescribed_burning","pre",172,2,"MC",81,2,0,161,457,0,0,1,0,0,0,0,0,18,0,0,0,45,0,18,18,0,18,18,45
"ks_priv027_v2_y2025","prescribed_burning","pre",0,2,"RR",81,1,0,162,274,0,0,0,1,0,100,0,0,0,0,0,64,0,27,55,9,0,0,0,64
"ks_priv026_v2_y2025","prescribed_burning","pre",843,2,"RR",84,3,25,162,320,0,0,1,0,0,0,0,0,0,0,9,0,27,0,55,9,0,0,0,27
"ks_priv028_v2_y2025","prescribed_burning","pre",4166,2,"RR",85,3,0,162,350,0,1,0,0,1,0,0,0,27,0,9,0,64,0,9,9,0,27,27,64
"ks_priv029_v2_y2025","prescribed_burning","pre",39734,2,"MC",83,3,25,162,313,2,1,0,1,1,0,0,0,0,0,27,64,9,0,27,27,0,0,0,73
"ks_priv040_v2_y2025","not_enrolled_in_NRCS","pre",3550,2,"RR",75,2,100,163,341,1,1,1,0,0,18,0,0,0,0,27,18,36,0,18,0,0,0,0,55
"ks_priv039_v2_y2025","not_enrolled_in_NRCS","pre",17,2,"RR",76,3,75,163,431,1,0,0,0,0,0,0,0,0,0,9,0,27,0,64,0,0,0,0,27
"ks_priv038_v2_y2025","not_enrolled_in_NRCS","pre",3,2,"MC",76,2,100,163,395,1,0,0,0,0,0,0,0,0,0,27,82,9,9,55,0,0,0,0,91
"ks_priv041_v2_y2025","not_enrolled_in_NRCS","pre",2358,2,"MC",73,2,100,163,285,3,0,1,1,1,36,0,0,0,0,73,45,0,0,36,0,0,0,0,45
"ks_priv037_v2_y2025","not_enrolled_in_NRCS","pre",244,2,"MC",77,2,100,163,468,2,0,0,1,0,0,0,0,0,0,18,55,9,55,45,18,0,0,0,64
"ks_priv042_v2_y2025","not_enrolled_in_NRCS","pre",601,2,"RR",72,1,50,164,258,0,1,1,1,0,0,0,0,0,0,55,64,0,9,0,36,0,0,0,64
"ks_priv043_v2_y2025","not_enrolled_in_NRCS","pre",226,2,"RR",73,1,50,164,293,1,2,2,1,0,0,0,0,0,0,55,0,45,0,0,0,0,0,0,45
"ks_priv045_v2_y2025","not_enrolled_in_NRCS","pre",1156,2,"RR",76,2,75,164,328,1,1,1,0,2,0,0,0,0,0,64,82,0,0,0,9,0,0,0,82
"ks_priv044_v2_y2025","not_enrolled_in_NRCS","pre",844,2,"RR",77,2,50,164,370,5,0,2,0,1,0,0,0,0,0,64,0,36,0,0,0,0,0,0,36
"ks_priv046_v2_y2025","not_enrolled_in_NRCS","pre",1152,2,"MC",73,1,50,164,298,1,1,0,0,0,91,0,0,0,18,18,0,0,18,45,9,0,18,18,0
"ks_priv047_v2_y2025","not_enrolled_in_NRCS","pre",0,2,"MC",76,2,50,164,350,4,0,0,1,1,0,0,0,0,0,9,55,18,0,27,82,0,0,0,73
"ks_priv058_v2_y2025","brush_management","pre",1382,2,"MC",78,1,50,167,303,0,0,0,0,0,27,0,0,0,0,73,45,9,0,18,18,0,0,0,55
"ks_priv055_v2_y2025","brush_management","pre",2399,2,"MC",85,1,25,167,467,5,3,1,3,1,36,0,0,0,0,9,18,27,0,45,0,0,0,0,45
"ks_priv059_v2_y2025","brush_management","pre",35,2,"RR",78,1,25,167,303,0,0,1,0,0,0,0,0,0,0,27,27,36,0,9,0,0,0,0,64
"ks_priv060_v2_y2025","brush_management","pre",1370,2,"RR",80,2,25,167,330,3,1,1,0,1,0,0,0,0,0,36,0,27,0,18,18,0,0,0,27
"ks_priv056_v2_y2025","brush_management","pre",81,2,"RR",82,2,25,167,385,0,0,1,2,0,0,0,0,0,0,36,100,0,0,9,0,0,0,0,100
"ks_priv048_v2_y2025","brush_management","post",25,2,"RR",80,1,0,170,334,3,1,3,1,0,18,0,0,0,0,55,18,0,0,27,0,0,0,0,18
"ks_priv053_v2_y2025","brush_management","post",3119,2,"MC",77,1,0,170,267,2,3,1,1,0,73,0,0,0,0,55,18,0,0,45,9,0,0,0,18
"ks_priv036_v2_y2025","not_enrolled_in_NRCS","pre",1128,2,"RR",93,4,0,171,392,0,0,1,0,0,0,0,0,0,27,9,0,27,0,36,0,0,27,27,27
"ks_priv033_v2_y2025","not_enrolled_in_NRCS","pre",1663,2,"RR",94,4,0,171,433,0,1,1,0,1,27,0,0,0,0,27,9,36,9,9,0,0,0,0,45
"ks_priv035_v2_y2025","not_enrolled_in_NRCS","pre",1087,2,"MC",92,3,0,171,383,0,1,0,0,0,55,0,0,0,0,0,0,64,0,0,36,0,0,0,64
"ks_priv034_v2_y2025","not_enrolled_in_NRCS","pre",7758,2,"MC",93,4,0,171,415,1,0,0,0,0,0,0,0,9,0,36,64,9,0,9,0,0,9,9,73
"ks_priv002_v3_y2025","prescribed_burning","post",864,3,"RR",86,5,0,172,230,0,0,0,0,0,0,0,0,0,0,0,55,9,0,73,18,0,0,0,64
"ks_priv003_v3_y2025","prescribed_burning","post",34100,3,"RR",86,5,0,172,249,0,0,0,0,0,0,0,0,0,0,18,36,18,0,18,9,0,0,0,55
"ks_priv013_v3_y2025","prescribed_burning","pre",143,3,"RR",87,5,0,172,334,0,0,0,0,0,0,0,0,0,0,0,64,18,0,0,55,0,0,0,82
"ks_priv014_v3_y2025","prescribed_burning","pre",1792,3,"RR",87,5,0,172,340,0,0,0,0,0,0,0,0,0,0,0,0,64,0,27,64,0,0,0,64
"ks_priv004_v3_y2025","prescribed_burning","post",8,3,"MC",86,5,0,172,236,0,0,0,0,0,0,0,0,0,0,9,45,36,0,55,0,0,0,0,82
"ks_priv001_v3_y2025","prescribed_burning","post",0,3,"MC",86,5,0,172,248,0,0,0,0,0,0,0,0,0,0,0,18,18,0,64,0,0,0,0,36
"ks_priv016_v3_y2025","prescribed_burning","pre",2119,3,"MC",87,5,0,172,346,0,0,0,0,0,0,0,0,0,0,0,0,36,0,73,27,0,0,0,36
"ks_priv062_v3_y2025","brush_management","post",0,3,"RR",82,5,0,173,233,0,0,0,0,0,9,0,0,0,0,0,0,27,0,0,82,0,0,0,27
"ks_priv017_v3_y2025","prescribed_burning","post",0,3,"RR",86,5,25,173,357,0,0,0,0,0,0,0,0,0,0,0,100,0,0,9,18,0,0,0,100
"ks_priv061_v3_y2025","brush_management","post",8990,3,"MC",82,5,0,173,255,0,0,0,0,0,9,0,0,0,0,0,0,64,9,27,18,0,0,0,64
"ks_priv027_v3_y2025","prescribed_burning","pre",0,3,"RR",84,5,50,174,266,0,0,0,0,0,100,0,0,0,0,0,64,0,27,55,9,0,0,0,64
"ks_priv026_v3_y2025","prescribed_burning","pre",16,3,"RR",85,5,25,174,284,0,0,0,0,0,0,0,0,0,0,9,0,27,0,55,9,0,0,0,27
"ks_priv028_v3_y2025","prescribed_burning","pre",91801,3,"RR",86,5,25,174,298,0,0,0,0,0,0,0,0,27,0,9,0,64,0,9,9,0,27,27,64
"ks_priv032_v3_y2025","prescribed_burning","pre",228,3,"MC",84,5,75,174,258,0,0,0,0,0,0,0,0,0,0,0,27,9,0,64,0,0,0,0,36
"ks_priv031_v3_y2025","prescribed_burning","pre",179,3,"MC",84,5,75,174,272,0,0,0,0,0,0,0,0,0,0,9,73,0,9,55,18,0,0,0,73
"ks_priv029_v3_y2025","prescribed_burning","pre",495,3,"MC",85,5,25,174,300,0,0,0,0,0,0,0,0,0,0,27,64,9,0,27,27,0,0,0,73
"ks_priv030_v3_y2025","prescribed_burning","pre",0,3,"MC",86,5,25,174,319,0,0,0,0,0,0,0,0,18,0,0,0,45,0,18,18,0,18,18,45
"ks_priv024_v3_y2025","prescribed_burning","pre",209,3,"MC",80,2,25,176,245,2,3,1,1,0,0,0,0,0,0,27,45,9,9,36,27,0,0,0,55
"ks_priv025_v3_y2025","prescribed_burning","pre",414,3,"MC",81,3,25,176,275,1,0,1,0,0,9,0,0,0,0,45,0,27,0,27,0,0,0,0,27
"ks_priv021_v3_y2025","prescribed_burning","pre",239,3,"MC",85,4,25,176,381,0,0,0,1,0,0,0,0,0,0,9,0,45,0,36,9,0,0,0,45
"ks_priv022_v3_y2025","prescribed_burning","pre",862,3,"MC",86,3,25,176,408,4,6,1,0,0,9,0,0,0,0,18,82,0,0,18,55,0,0,0,82
"ks_priv023_v3_y2025","prescribed_burning","pre",73,3,"RR",80,2,25,176,255,0,0,1,0,0,0,0,0,9,0,18,9,27,0,45,0,0,9,9,36
"ks_priv019_v3_y2025","prescribed_burning","pre",284,3,"RR",84,4,25,176,377,0,0,0,0,1,0,0,0,0,0,9,0,27,0,45,18,0,0,0,27
"ks_priv020_v3_y2025","prescribed_burning","pre",35,3,"RR",85,4,25,176,405,1,0,0,0,0,0,0,0,0,0,18,82,9,0,45,0,0,0,0,91
"ks_priv044_v3_y2025","not_enrolled_in_NRCS","pre",1077,3,"MC",78,2,100,181,394,4,2,0,0,0,0,0,0,0,0,64,0,36,0,0,0,0,0,0,36
"ks_priv045_v3_y2025","not_enrolled_in_NRCS","pre",1253,3,"MC",79,2,50,181,423,1,1,0,0,0,0,0,0,0,0,64,82,0,0,0,9,0,0,0,82
"ks_priv039_v3_y2025","not_enrolled_in_NRCS","pre",15,3,"MC",75,3,100,181,268,1,0,0,0,0,0,0,0,0,0,9,0,27,0,64,0,0,0,0,27
"ks_priv037_v3_y2025","not_enrolled_in_NRCS","pre",289,3,"MC",75,3,100,181,310,0,0,0,0,0,0,0,0,0,0,18,55,9,55,45,18,0,0,0,64
"ks_priv038_v3_y2025","not_enrolled_in_NRCS","pre",30,3,"RR",75,2,75,181,267,0,0,0,0,0,0,0,0,0,0,27,82,9,9,55,0,0,0,0,91
"ks_priv043_v3_y2025","not_enrolled_in_NRCS","pre",1,3,"RR",79,3,75,181,389,2,0,2,0,0,0,0,0,0,0,55,0,45,0,0,0,0,0,0,45
"ks_priv042_v3_y2025","not_enrolled_in_NRCS","pre",1,3,"RR",80,2,50,181,418,0,0,0,0,0,0,0,0,0,0,55,64,0,9,0,36,0,0,0,64
"ks_priv046_v3_y2025","not_enrolled_in_NRCS","pre",442,3,"MC",81,1,0,182,320,1,0,0,0,0,91,0,0,0,18,18,0,0,18,45,9,0,18,18,0
"ks_priv047_v3_y2025","not_enrolled_in_NRCS","pre",0,3,"MC",82,2,25,182,364,3,2,0,0,0,0,0,0,0,0,9,55,18,0,27,82,0,0,0,73
"ks_priv040_v3_y2025","not_enrolled_in_NRCS","pre",56,3,"RR",81,2,0,182,333,1,0,1,1,0,18,0,0,0,0,27,18,36,0,18,0,0,0,0,55
"ks_priv041_v3_y2025","not_enrolled_in_NRCS","pre",1041,3,"RR",79,1,0,182,284,2,1,1,0,1,36,0,0,0,0,73,45,0,0,36,0,0,0,0,45
"ks_priv058_v3_y2025","brush_management","pre",670,3,"MC",81,2,25,183,308,1,0,0,0,0,27,0,0,0,0,73,45,9,0,18,18,0,0,0,55
"ks_priv060_v3_y2025","brush_management","pre",424,3,"MC",82,2,25,183,339,2,0,0,0,0,0,0,0,0,0,36,0,27,0,18,18,0,0,0,27
"ks_priv055_v3_y2025","brush_management","pre",1498,3,"MC",86,2,0,183,477,9,1,0,0,0,36,0,0,0,0,9,18,27,0,45,0,0,0,0,45
"ks_priv059_v3_y2025","brush_management","pre",464,3,"RR",81,1,25,183,305,0,1,0,0,0,0,0,0,0,0,27,27,36,0,9,0,0,0,0,64
"ks_priv056_v3_y2025","brush_management","pre",247,3,"RR",84,2,25,183,396,0,0,1,0,0,0,0,0,0,0,36,100,0,0,9,0,0,0,0,100
"ks_priv034_v3_y2025","not_enrolled_in_NRCS","pre",1281,3,"RR",82,4,25,185,281,0,0,0,0,0,0,0,0,9,0,36,64,9,0,9,0,0,9,9,73
"ks_priv035_v3_y2025","not_enrolled_in_NRCS","pre",556,3,"RR",81,4,0,185,257,0,0,0,0,0,55,0,0,0,0,0,0,64,0,0,36,0,0,0,64
"ks_priv033_v3_y2025","not_enrolled_in_NRCS","pre",166,3,"RR",83,4,25,185,302,1,0,0,0,0,27,0,0,0,0,27,9,36,9,9,0,0,0,0,45
"ks_priv036_v3_y2025","not_enrolled_in_NRCS","pre",582,3,"RR",84,5,25,185,331,0,0,0,0,0,0,0,0,0,27,9,0,27,0,36,0,0,27,27,27
"ks_priv053_v3_y2025","brush_management","post",301,3,"RR",82,0,50,188,266,0,0,1,1,1,73,0,0,0,0,55,18,0,0,45,9,0,0,0,18
"ks_priv048_v3_y2025","brush_management","post",375,3,"MC",84,1,75,188,326,0,0,0,0,0,18,0,0,0,0,55,18,0,0,27,0,0,0,0,18
"ks_priv001_v4_y2025","prescribed_burning","post",14,4,"RR",78,2,0,189,243,0,1,1,0,0,0,0,0,0,0,0,18,18,0,64,0,0,0,0,36
"ks_priv002_v4_y2025","prescribed_burning","post",166,4,"RR",80,2,0,189,278,2,1,1,0,0,0,0,0,0,0,0,55,9,0,73,18,0,0,0,64
"ks_priv004_v4_y2025","prescribed_burning","post",58,4,"MC",78,3,0,189,257,0,0,0,0,0,0,0,0,0,0,9,45,36,0,55,0,0,0,0,82
"ks_priv003_v4_y2025","prescribed_burning","post",151199,4,"MC",80,3,0,189,291,0,0,0,0,0,0,0,0,0,0,18,36,18,0,18,9,0,0,0,55
"ks_priv013_v4_y2025","prescribed_burning","pre",533,4,"RR",82,2,25,190,238,0,1,1,1,1,0,0,0,0,0,0,64,18,0,0,55,0,0,0,82
"ks_priv014_v4_y2025","prescribed_burning","pre",0,4,"RR",84,2,25,190,260,0,0,1,0,0,0,0,0,0,0,0,0,64,0,27,64,0,0,0,64
"ks_priv016_v4_y2025","prescribed_burning","pre",2318,4,"MC",84,2,25,190,252,3,1,0,1,1,0,0,0,0,0,0,0,36,0,73,27,0,0,0,36
"ks_priv020_v4_y2025","prescribed_burning","pre",271,4,"RR",77,2,25,192,255,0,0,2,0,0,0,0,0,0,0,18,82,9,0,45,0,0,0,0,91
"ks_priv019_v4_y2025","prescribed_burning","pre",8,4,"RR",78,4,25,192,291,0,0,0,0,0,0,0,0,0,0,9,0,27,0,45,18,0,0,0,27
"ks_priv022_v4_y2025","prescribed_burning","pre",1690,4,"MC",79,4,0,192,286,4,0,0,0,0,9,0,0,0,0,18,82,0,0,18,55,0,0,0,82
"ks_priv021_v4_y2025","prescribed_burning","pre",97,4,"MC",78,4,0,192,256,0,0,0,0,0,0,0,0,0,0,9,0,45,0,36,9,0,0,0,45
"ks_priv027_v4_y2025","prescribed_burning","pre",0,4,"RR",76,0,0,194,235,1,0,0,0,0,100,0,0,0,0,0,64,0,27,55,9,0,0,0,64
"ks_priv026_v4_y2025","prescribed_burning","pre",44,4,"RR",77,1,0,194,272,1,1,1,1,2,0,0,0,0,0,9,0,27,0,55,9,0,0,0,27
"ks_priv030_v4_y2025","prescribed_burning","pre",0,4,"MC",75,1,0,194,235,0,1,1,1,1,0,0,0,18,0,0,0,45,0,18,18,0,18,18,45
"ks_priv029_v4_y2025","prescribed_burning","pre",12,4,"MC",77,1,0,194,268,1,1,0,2,1,0,0,0,0,0,27,64,9,0,27,27,0,0,0,73
"ks_priv028_v4_y2025","prescribed_burning","pre",105267,4,"MC",79,1,0,194,299,0,0,1,3,2,0,0,0,27,0,9,0,64,0,9,9,0,27,27,64
"ks_priv031_v4_y2025","prescribed_burning","pre",282,4,"RR",81,1,25,195,246,1,0,0,1,2,0,0,0,0,0,9,73,0,9,55,18,0,0,0,73
"ks_priv023_v4_y2025","prescribed_burning","pre",0,4,"RR",86,1,25,195,343,1,2,0,1,0,0,0,0,9,0,18,9,27,0,45,0,0,9,9,36
"ks_priv032_v4_y2025","prescribed_burning","pre",12,4,"MC",81,1,0,195,270,0,1,1,1,1,0,0,0,0,0,0,27,9,0,64,0,0,0,0,36
"ks_priv024_v4_y2025","prescribed_burning","pre",66,4,"MC",86,1,0,195,321,2,2,0,0,0,0,0,0,0,0,27,45,9,9,36,27,0,0,0,55
"ks_priv025_v4_y2025","prescribed_burning","pre",8,4,"MC",87,1,25,195,353,1,0,0,0,1,9,0,0,0,0,45,0,27,0,27,0,0,0,0,27
"ks_priv061_v4_y2025","brush_management","post",28,4,"RR",86,2,0,196,344,0,1,1,0,0,9,0,0,0,0,0,0,64,9,27,18,0,0,0,64
"ks_priv017_v4_y2025","prescribed_burning","post",0,4,"MC",83,2,0,196,242,0,0,0,1,0,0,0,0,0,0,0,100,0,0,9,18,0,0,0,100
"ks_priv062_v4_y2025","brush_management","post",NA,4,"MC",85,3,0,196,321,0,1,0,1,0,9,0,0,0,0,0,0,27,0,0,82,0,0,0,27
"ks_priv044_v4_y2025","not_enrolled_in_NRCS","pre",12,4,"MC",86,1,100,201,327,1,1,1,0,0,0,0,0,0,0,64,0,36,0,0,0,0,0,0,36
"ks_priv048_v4_y2025","brush_management","post",146,4,"RR",82,1,75,201,230,3,0,2,1,1,18,0,0,0,0,55,18,0,0,27,0,0,0,0,18
"ks_priv047_v4_y2025","not_enrolled_in_NRCS","pre",1,4,"RR",82,1,100,201,289,3,0,0,0,1,0,0,0,0,0,9,55,18,0,27,82,0,0,0,73
"ks_priv053_v4_y2025","brush_management","post",63,4,"RR",80,2,100,201,170,0,0,0,0,0,73,0,0,0,0,55,18,0,0,45,9,0,0,0,18
"ks_priv042_v4_y2025","not_enrolled_in_NRCS","pre",27,4,"RR",88,0,100,201,374,0,0,0,0,0,0,0,0,0,0,55,64,0,9,0,36,0,0,0,64
"ks_priv039_v4_y2025","not_enrolled_in_NRCS","pre",0,4,"MC",81,3,50,203,240,0,0,0,0,0,0,0,0,0,0,9,0,27,0,64,0,0,0,0,27
"ks_priv046_v4_y2025","not_enrolled_in_NRCS","pre",111,4,"MC",87,0,50,203,383,6,1,0,0,0,91,0,0,0,18,18,0,0,18,45,9,0,18,18,0
"ks_priv038_v4_y2025","not_enrolled_in_NRCS","pre",17,4,"RR",81,3,50,203,245,1,0,0,1,0,0,0,0,0,0,27,82,9,9,55,0,0,0,0,91
"ks_priv037_v4_y2025","not_enrolled_in_NRCS","pre",461,4,"RR",83,2,50,203,253,2,2,2,0,1,0,0,0,0,0,18,55,9,55,45,18,0,0,0,64
"ks_priv045_v4_y2025","not_enrolled_in_NRCS","pre",93,4,"RR",86,3,50,203,363,3,0,1,0,0,0,0,0,0,0,64,82,0,0,0,9,0,0,0,82
"ks_priv043_v4_y2025","not_enrolled_in_NRCS","pre",361,4,"RR",87,3,25,203,385,0,0,0,0,0,0,0,0,0,0,55,0,45,0,0,0,0,0,0,45
"ks_priv035_v4_y2025","not_enrolled_in_NRCS","pre",109,4,"MC",83,3,0,204,227,0,1,0,0,0,55,0,0,0,0,0,0,64,0,0,36,0,0,0,64
"ks_priv034_v4_y2025","not_enrolled_in_NRCS","pre",348,4,"MC",85,4,0,204,260,2,3,1,3,0,0,0,0,9,0,36,64,9,0,9,0,0,9,9,73
"ks_priv036_v4_y2025","not_enrolled_in_NRCS","pre",44,4,"RR",83,4,0,204,227,2,0,0,0,0,0,0,0,0,27,9,0,27,0,36,0,0,27,27,27
"ks_priv033_v4_y2025","not_enrolled_in_NRCS","pre",64,4,"RR",85,4,0,204,260,1,0,0,1,2,27,0,0,0,0,27,9,36,9,9,0,0,0,0,45
"ks_priv040_v4_y2025","not_enrolled_in_NRCS","pre",3,4,"RR",90,5,100,204,488,0,0,0,0,0,18,0,0,0,0,27,18,36,0,18,0,0,0,0,55
"ks_priv041_v4_y2025","not_enrolled_in_NRCS","pre",2,4,"MC",90,5,50,204,440,0,0,0,0,0,36,0,0,0,0,73,45,0,0,36,0,0,0,0,45
"ks_priv058_v4_y2025","brush_management","pre",49,4,"MC",83,1,0,207,258,2,1,0,0,0,27,0,0,0,0,73,45,9,0,18,18,0,0,0,55
"ks_priv059_v4_y2025","brush_management","pre",206,4,"RR",83,3,0,207,265,1,0,0,0,0,0,0,0,0,0,27,27,36,0,9,0,0,0,0,64
"ks_priv060_v4_y2025","brush_management","pre",52,4,"MC",84,2,25,207,290,2,0,0,1,1,0,0,0,0,0,36,0,27,0,18,18,0,0,0,27
"ks_priv055_v4_y2025","brush_management","pre",9146,4,"MC",88,2,0,208,312,7,1,0,1,0,36,0,0,0,0,9,18,27,0,45,0,0,0,0,45
"ks_priv056_v4_y2025","brush_management","pre",807,4,"RR",85,3,25,208,234,0,1,0,0,2,0,0,0,0,0,36,100,0,0,9,0,0,0,0,100
"mo_priv013_v1_y2025","wildlife_hab_planting","post",719,1,"JA",71,2,0,127,232,0,3,1,1,0,0,0,0,0,0,18,0,100,0,64,0,0,0,0,100
"mo_priv019_v1_y2025","wildlife_hab_planting","post",1235,1,"RR",71,2,50,127,336,7,2,0,0,0,0,0,0,0,0,73,0,100,0,9,0,0,0,0,100
"mo_priv020_v1_y2025","wildlife_hab_planting","post",3362,1,"JA",69,2,50,127,378,0,0,0,0,0,0,0,0,0,0,18,0,82,0,45,27,0,0,0,82
"mo_priv004_v1_y2025","wildlife_hab_planting","post",73,1,"SG",73,4,75,127,495,0,1,0,0,0,0,0,0,0,0,0,100,9,0,100,0,0,0,0,100
"mo_priv005_v1_y2025","wildlife_hab_planting","post",135,1,"RR",75,4,100,127,537,0,0,0,1,0,0,0,0,0,0,0,0,100,0,55,9,0,0,0,100
"mo_priv001_v1_y2025","wildlife_hab_planting","post",32,1,"JA",65,1,0,128,246,0,0,0,0,0,18,0,0,0,0,0,18,82,0,64,0,0,0,0,100
"mo_priv002_v1_y2025","wildlife_hab_planting","post",14,1,"RR",66,2,0,128,292,0,1,1,0,0,0,0,0,0,0,0,0,91,0,100,18,0,0,0,91
"mo_priv003_v1_y2025","wildlife_hab_planting","pre",0,1,"JA",65,2,0,128,363,0,1,0,0,0,0,0,0,0,0,18,0,27,0,100,9,0,0,0,27
"mo_priv043_v1_y2025","wildlife_hab_planting","pre",2016,1,"RR",71,2,0,128,448,0,1,0,1,1,0,0,0,0,0,0,45,27,0,45,55,0,0,0,73
"mo_priv017_v1_y2025","wildlife_hab_planting","post",151,1,"RR",68,2,25,129,402,0,0,0,0,0,0,0,0,0,0,0,0,27,0,91,27,0,0,0,27
"mo_priv018_v1_y2025","wildlife_hab_planting","post",93,1,"SG",67,3,25,129,423,4,1,1,0,0,0,0,0,0,0,18,9,36,0,64,0,0,0,0,45
"mo_priv016_v1_y2025","wildlife_hab_planting","post",359,1,"JA",70,2,0,129,474,0,0,0,0,0,0,0,0,0,0,55,36,27,0,36,0,0,0,0,45
"mo_priv014_v1_y2025","wildlife_hab_planting","post",2158,1,"SG",72,1,25,129,533,3,0,0,0,0,0,0,0,0,0,0,0,18,0,73,55,0,0,0,18
"mo_priv015_v1_y2025","wildlife_hab_planting","pre",34,1,"RR",73,1,25,129,533,0,1,0,1,0,0,0,0,0,0,0,0,9,0,100,100,0,0,0,9
"mo_priv021_v1_y2025","wildlife_hab_planting","pre",96,1,"SG",73,1,25,132,239,0,1,0,0,0,9,0,0,0,0,0,55,18,0,27,18,0,0,0,73
"mo_priv022_v1_y2025","wildlife_hab_planting","post",807,1,"JA",75,1,0,132,317,0,1,1,0,1,0,0,0,0,0,9,82,9,0,45,0,0,0,0,91
"mo_priv047_v1_y2025","prescribed_grazing","post",10,1,"RR",75,1,25,132,376,1,1,1,1,1,0,0,0,0,0,0,64,55,0,27,0,0,0,0,100
"mo_priv049_v1_y2025","prescribed_grazing","post",3,1,"SG",79,3,0,132,409,1,1,1,0,0,0,0,0,0,0,0,45,91,0,9,0,0,0,0,100
"mo_priv048_v1_y2025","prescribed_grazing","post",139,1,"JA",79,1,0,132,437,1,0,2,0,1,0,0,0,0,0,0,36,64,0,9,0,0,0,0,100
"mo_priv050_v1_y2025","prescribed_grazing","post",900,1,"SG",79,3,0,132,466,1,0,0,1,0,0,0,0,0,0,0,64,55,0,9,0,0,0,0,91
"mo_priv046_v1_y2025","prescribed_grazing","post",798,1,"RR",81,1,0,132,480,0,1,0,0,0,91,0,0,18,0,0,64,27,0,73,27,0,18,18,91
"mo_priv007_v1_y2025","prescribed_grazing","pre",1215,1,"SG",72,2,0,133,245,0,1,0,0,0,45,0,0,0,0,36,45,18,0,45,27,0,0,0,64
"mo_priv006_v1_y2025","prescribed_grazing","pre",0,1,"JA",72,1,25,133,253,1,1,1,0,0,0,0,0,0,0,0,9,64,0,55,0,0,0,0,73
"mo_priv008_v1_y2025","prescribed_grazing","pre",6595,1,"RR",74,2,75,133,342,0,1,1,0,0,0,0,0,0,0,0,18,82,0,27,18,0,0,0,91
"mo_priv009_v1_y2025","prescribed_grazing","pre",142,1,"SG",75,3,50,133,346,1,0,0,2,0,0,0,0,0,0,45,27,27,0,73,0,0,0,0,55
"mo_priv010_v1_y2025","prescribed_grazing","pre",59,1,"SG",77,1,100,133,430,2,1,0,1,0,0,0,0,0,0,9,45,36,0,55,0,0,0,0,82
"mo_priv051_v1_y2025","wildlife_hab_planting","post",3861,1,"JA",77,1,0,134,249,0,1,0,2,1,0,0,0,0,0,0,0,100,0,55,18,0,0,0,100
"mo_priv034_v1_y2025","wildlife_hab_planting","pre",16,1,"SG",84,3,25,134,386,2,0,0,0,0,0,0,0,0,0,27,9,55,0,0,64,0,0,0,64
"mo_priv045_v1_y2025","wildlife_hab_planting","pre",16,1,"JA",85,4,75,134,474,1,1,1,0,2,0,0,0,0,0,27,55,0,0,82,0,0,0,0,55
"mo_priv044_v1_y2025","wildlife_hab_planting","pre",544,1,"SG",86,3,50,134,507,2,0,1,0,0,9,0,0,0,0,0,55,55,0,100,45,0,0,0,91
"mo_priv011_v1_y2025","prescribed_grazing","pre",880,1,"JA",73,3,0,136,291,0,1,1,0,0,0,0,0,0,0,18,27,55,0,9,0,0,0,0,82
"mo_priv042_v1_y2025","wildlife_hab_planting","post",163,1,"SG",59,4,0,141,240,0,0,0,0,0,0,0,0,0,0,18,9,36,0,45,0,0,0,0,45
"mo_priv040_v1_y2025","wildlife_hab_planting","post",216,1,"JA",60,3,0,141,314,0,1,1,0,1,0,0,0,0,0,36,9,27,0,27,36,0,0,0,36
"mo_priv029_v1_y2025","prescribed_grazing","pre",789,1,"SG",63,3,0,141,326,1,2,1,0,0,0,0,0,0,0,73,18,9,0,27,0,0,0,0,27
"mo_priv039_v1_y2025","wildlife_hab_planting","post",2416,1,"SG",63,3,0,141,326,1,2,1,0,0,0,0,0,0,0,0,0,64,0,45,18,0,0,0,64
"mo_priv041_v1_y2025","wildlife_hab_planting","post",335,1,"JA",63,2,0,141,358,0,0,0,1,0,0,0,0,0,0,36,27,36,0,0,9,0,0,0,64
"mo_priv038_v1_y2025","wildlife_hab_planting","pre",988,1,"JA",67,3,0,141,430,1,3,0,0,1,0,0,0,0,0,91,0,0,0,55,0,0,0,0,0
"mo_priv036_v1_y2025","wildlife_hab_planting","pre",12323,1,"SG",68,3,0,141,432,3,3,0,0,0,0,0,0,0,0,9,0,91,0,36,18,0,0,0,91
"mo_priv037_v1_y2025","wildlife_hab_planting","pre",14215,1,"JA",64,3,0,141,460,0,1,1,2,2,0,0,0,0,0,91,0,0,0,64,0,0,0,0,0
"mo_priv035_v1_y2025","wildlife_hab_planting","pre",14565,1,"SG",71,2,0,141,534,1,2,4,1,1,0,0,0,0,0,55,27,18,0,45,0,0,0,0,45
"mo_priv025_v1_y2025","prescribed_grazing","pre",1140,1,"JA",67,2,0,142,486,1,1,1,1,1,0,0,0,0,0,0,0,36,0,0,55,0,0,0,36
"mo_priv023_v1_y2025","prescribed_grazing","pre",1798,1,"SG",72,2,25,142,540,7,3,0,0,0,0,0,0,0,0,36,9,18,0,9,36,0,0,0,27
"mo_priv024_v1_y2025","prescribed_grazing","pre",3983,1,"JA",72,2,25,142,592,1,1,0,1,1,27,0,0,0,0,27,9,82,0,9,18,0,0,0,82
"mo_priv030_v1_y2025","prescribed_grazing","pre",3163,1,"JA",66,2,100,143,283,0,0,0,0,1,0,0,0,0,0,18,0,73,0,27,18,0,0,0,73
"mo_priv026_v1_y2025","prescribed_grazing","pre",2796,1,"SG",68,2,75,143,347,0,0,1,0,0,0,0,0,0,0,36,9,36,0,18,9,0,0,0,45
"mo_priv028_v1_y2025","prescribed_grazing","pre",1748,1,"JA",68,2,50,143,447,2,0,0,0,1,0,0,0,0,0,27,27,18,0,0,45,0,0,0,45
"mo_priv027_v1_y2025","prescribed_grazing","pre",2701,1,"SG",69,3,50,143,496,0,0,0,1,0,0,0,9,0,0,9,9,45,0,18,18,18,0,18,55
"mo_priv031_v1_y2025","prescribed_grazing","pre",1758,1,"SG",63,3,100,148,253,0,0,0,0,0,0,0,0,27,0,55,9,27,0,9,27,0,27,27,36
"mo_priv017_v2_y2025","wildlife_hab_planting","Post",369,2,"JA",60,1,100,149,399,1,3,0,0,0,0,0,0,0,0,0,0,27,0,91,27,0,0,0,27
"mo_priv005_v2_y2025","wildlife_hab_planting","post",45,2,"SG",68,2,75,149,423,0,0,0,0,0,0,0,0,0,0,0,0,100,0,55,9,0,0,0,100
"mo_priv013_v2_y2025","wildlife_hab_planting","post",353,2,"SG",69,0,100,149,482,0,1,0,0,0,0,0,0,0,0,18,0,100,0,64,0,0,0,0,100
"mo_priv004_v2_y2025","wildlife_hab_planting","Post",399,2,"JA",75,0,100,149,576,0,0,0,0,0,0,0,0,0,0,0,100,9,0,100,0,0,0,0,100
"mo_priv020_v2_y2025","wildlife_hab_planting","Post",25374,2,"JA",75,0,100,149,576,0,0,0,0,0,0,0,0,0,0,18,0,82,0,45,27,0,0,0,82
"mo_priv043_v2_y2025","wildlife_hab_planting","Post",0,2,"JA",70,2,75,149,620,0,1,1,0,1,0,0,0,0,0,0,45,27,0,45,55,0,0,0,73
"mo_priv019_v2_y2025","wildlife_hab_planting","Post",11527,2,"JA",70,2,75,149,620,0,1,0,0,0,0,0,0,0,0,73,0,100,0,9,0,0,0,0,100
"mo_priv022_v2_y2025","wildlife_hab_planting","post",551749,2,"SG",76,3,75,150,526,1,0,0,0,0,0,0,0,0,0,9,82,9,0,45,0,0,0,0,91
"mo_priv049_v2_y2025","prescribed_grazing","Post",0,2,"JA",68,0,100,151,245,1,3,0,0,1,0,0,0,0,0,0,45,91,0,9,0,0,0,0,100
"mo_priv046_v2_y2025","prescribed_grazing","Post",184,2,"JA",68,0,100,151,245,0,0,1,0,0,91,0,0,18,0,0,64,27,0,73,27,0,18,18,91
"mo_priv050_v2_y2025","prescribed_grazing","post",0,2,"SG",73,2,100,151,288,2,0,0,0,0,0,0,0,0,0,0,64,55,0,9,0,0,0,0,91
"mo_priv047_v2_y2025","prescribed_grazing","Post",194,2,"JA",74,2,100,151,321,2,1,1,1,0,0,0,0,0,0,0,64,55,0,27,0,0,0,0,100
"mo_priv048_v2_y2025","prescribed_grazing","post",334,2,"SG",76,3,100,151,348,0,1,1,0,2,0,0,0,0,0,0,36,64,0,9,0,0,0,0,100
"mo_priv018_v2_y2025","wildlife_hab_planting","post",2421,2,"SG",77,1,100,152,291,1,2,0,1,0,0,0,0,0,0,18,9,36,0,64,0,0,0,0,45
"mo_priv016_v2_y2025","wildlife_hab_planting","post",377,2,"SG",79,1,100,152,363,5,2,3,0,0,0,0,0,0,0,55,36,27,0,36,0,0,0,0,45
"mo_priv014_v2_y2025","wildlife_hab_planting","pre",2573,2,"SG",81,0,100,152,441,1,2,0,2,0,0,0,0,0,0,0,0,18,0,73,55,0,0,0,18
"mo_priv015_v2_y2025","wildlife_hab_planting","Pre",5497,2,"JA",82,1,100,152,465,0,2,0,1,1,0,0,0,0,0,0,0,9,0,100,100,0,0,0,9
"mo_priv011_v2_y2025","prescribed_grazing","pre",2041,2,"SG",64,4,100,155,367,3,2,1,2,3,0,0,0,0,0,18,27,55,0,9,0,0,0,0,82
"mo_priv009_v2_y2025","prescribed_grazing","pre",6117,2,"JA",74,3,100,155,434,1,0,1,0,0,0,0,0,0,0,45,27,27,0,73,0,0,0,0,55
"mo_priv002_v2_y2025","wildlife_hab_planting","pre",400,2,"JA",68,3,50,156,247,1,1,2,2,1,0,0,0,0,0,0,0,91,0,100,18,0,0,0,91
"mo_priv001_v2_y2025","wildlife_hab_planting","post",974,2,"SG",73,3,100,156,384,0,1,0,0,0,18,0,0,0,0,0,18,82,0,64,0,0,0,0,100
"mo_priv006_v2_y2025","prescribed_grazing","pre",1,2,"JA",70,4,0,159,259,3,1,1,0,1,0,0,0,0,0,0,9,64,0,55,0,0,0,0,73
"mo_priv007_v2_y2025","prescribed_grazing","pre",22,2,"SG",75,4,50,159,291,0,3,0,3,0,45,0,0,0,0,36,45,18,0,45,27,0,0,0,64
"mo_priv008_v2_y2025","prescribed_grazing","pre",7234,2,"JA",76,2,50,159,349,2,3,1,0,0,0,0,0,0,0,0,18,82,0,27,18,0,0,0,91
"mo_priv010_v2_y2025","prescribed_grazing","pre",126,2,"SG",77,4,50,159,423,1,1,1,1,1,0,0,0,0,0,9,45,36,0,55,0,0,0,0,82
"mo_priv012_v1_y2025","prescribed_grazing","pre",100,1,"SG",77,4,50,159,449,1,3,0,0,0,0,0,0,0,0,0,18,100,0,91,0,0,0,0,100
"mo_priv012_v2_y2025","prescribed_grazing","pre",2708,2,"JA",74,3,50,159,449,1,2,1,2,1,0,0,0,0,0,0,18,100,0,91,0,0,0,0,100
"mo_priv021_v2_y2025","wildlife_hab_planting","pre",10010,2,"JA",75,4,100,159,620,0,1,0,0,0,9,0,0,0,0,0,55,18,0,27,18,0,0,0,73
"mo_priv051_v2_y2025","wildlife_hab_planting","post",7367,2,"JA",71,3,0,160,250,0,1,0,0,0,0,0,0,0,0,0,0,100,0,55,18,0,0,0,100
"mo_priv034_v2_y2025","wildlife_hab_planting","pre",3321,2,"SG",78,3,0,160,371,2,0,2,0,6,0,0,0,0,0,27,9,55,0,0,64,0,0,0,64
"mo_priv035_v2_y2025","wildlife_hab_planting","pre",13348,2,"SG",78,3,0,160,371,0,3,2,2,0,0,0,0,0,0,55,27,18,0,45,0,0,0,0,45
"mo_priv044_v2_y2025","wildlife_hab_planting","pre",614,2,"SG",75,1,0,161,258,6,0,0,0,0,9,0,0,0,0,0,55,55,0,100,45,0,0,0,91
"mo_priv036_v2_y2025","wildlife_hab_planting","pre",7177,2,"JA",78,1,0,161,459,1,2,0,3,1,0,0,0,0,0,9,0,91,0,36,18,0,0,0,91
"mo_priv045_v2_y2025","wildlife_hab_planting","pre",684,2,"SG",84,3,0,161,620,5,1,0,1,1,0,0,0,0,0,27,55,0,0,82,0,0,0,0,55
"mo_priv038_v2_y2025","wildlife_hab_planting","pre",4036,2,"SG",77,1,25,162,255,1,2,3,1,1,0,0,0,0,0,91,0,0,0,55,0,0,0,0,0
"mo_priv037_v2_y2025","wildlife_hab_planting","pre",3404,2,"JA",81,2,0,162,297,0,0,1,0,0,0,0,0,0,0,91,0,0,0,64,0,0,0,0,0
"mo_priv031_v2_y2025","prescribed_grazing","pre",1224,2,"SG",71,2,50,164,266,1,1,1,0,0,0,0,0,27,0,55,9,27,0,9,27,0,27,27,36
"mo_priv032_v2_y2025","prescribed_grazing","pre",1313,2,"JA",73,2,100,164,308,1,3,0,0,1,0,0,0,0,0,36,0,64,0,9,18,0,0,0,64
"mo_priv033_v2_y2025","prescribed_grazing","pre",737,2,"SG",71,1,100,164,348,3,0,0,0,0,0,0,0,0,0,18,0,91,0,9,45,0,0,0,91
"mo_priv027_v2_y2025","prescribed_grazing","pre",2479,2,"SG",78,2,50,167,248,4,1,0,1,1,0,0,9,0,0,9,9,45,0,18,18,18,0,18,55
"mo_priv028_v2_y2025","prescribed_grazing","pre",6879,2,"JA",79,1,25,167,283,0,3,1,1,0,0,0,0,0,0,27,27,18,0,0,45,0,0,0,45
"mo_priv029_v2_y2025","prescribed_grazing","pre",1033,2,"JA",81,2,50,167,343,2,0,1,0,1,0,0,0,0,0,73,18,9,0,27,0,0,0,0,27
"mo_priv030_v2_y2025","prescribed_grazing","pre",3437,2,"SG",81,3,75,167,348,5,3,2,1,0,0,0,0,0,0,18,0,73,0,27,18,0,0,0,73
"mo_priv026_v2_y2025","prescribed_grazing","pre",3443,2,"SG",84,3,75,167,428,3,4,1,0,1,0,0,0,0,0,36,9,36,0,18,9,0,0,0,45
"mo_priv024_v2_y2025","prescribed_grazing","pre",2032,2,"SG",85,2,50,167,485,5,3,0,0,0,27,0,0,0,0,27,9,82,0,9,18,0,0,0,82
"mo_priv023_v2_y2025","prescribed_grazing","pre",2230,2,"JA",85,2,50,167,503,2,4,1,0,0,0,0,0,0,0,36,9,18,0,9,36,0,0,0,27
"mo_priv025_v2_y2025","prescribed_grazing","pre",931,2,"JA",87,2,50,167,557,0,2,0,0,0,0,0,0,0,0,0,0,36,0,0,55,0,0,0,36
"mo_priv003_v2_y2025","wildlife_hab_planting","pre",979,2,"JA",78,0,75,168,258,0,2,0,0,1,0,0,0,0,0,18,0,27,0,100,9,0,0,0,27
"mo_priv003_v3_y2025","wildlife_hab_planting","pre",1797,3,"SG",78,1,50,168,258,1,2,1,2,0,0,0,0,0,0,18,0,27,0,100,9,0,0,0,27
"mo_priv042_v2_y2025","wildlife_hab_planting","post",3365,2,"JA",80,3,100,168,405,3,1,2,2,0,0,0,0,0,0,18,9,36,0,45,0,0,0,0,45
"mo_priv041_v2_y2025","wildlife_hab_planting","post",13594,2,"SG",79,2,100,168,489,6,0,1,0,0,0,0,0,0,0,36,27,36,0,0,9,0,0,0,64
"mo_priv039_v2_y2025","wildlife_hab_planting","post",413,2,"SG",81,1,100,168,536,2,3,1,0,0,0,0,0,0,0,0,0,64,0,45,18,0,0,0,64
"mo_priv040_v2_y2025","wildlife_hab_planting","post",579,2,"JA",81,0,100,168,539,1,1,0,1,0,0,0,0,0,0,36,9,27,0,27,36,0,0,0,36
"mo_priv019_v3_y2025","wildlife_hab_planting","post",9173,3,"JA",72,2,0,170,247,0,1,0,0,0,0,0,0,0,0,73,0,100,0,9,0,0,0,0,100
"mo_priv020_v3_y2025","wildlife_hab_planting","post",5489,3,"SG",74,2,0,170,247,1,1,1,1,1,0,0,0,0,0,18,0,82,0,45,27,0,0,0,82
"mo_priv022_v3_y2025","wildlife_hab_planting","pre",67819,3,"JA",82,0,25,170,377,2,1,1,0,1,0,0,0,0,0,9,82,9,0,45,0,0,0,0,91
"mo_priv049_v3_y2025","prescribed_grazing","post",2,3,"SG",82,3,0,170,442,1,0,0,0,0,0,0,0,0,0,0,45,91,0,9,0,0,0,0,100
"mo_priv048_v3_y2025","prescribed_grazing","post",NA,3,"JA",85,2,0,170,446,0,1,0,0,1,0,0,0,0,0,0,36,64,0,9,0,0,0,0,100
"mo_priv047_v3_y2025","prescribed_grazing","post",NA,3,"SG",83,1,0,170,472,1,0,1,0,0,0,0,0,0,0,0,64,55,0,27,0,0,0,0,100
"mo_priv050_v3_y2025","prescribed_grazing","post",0,3,"JA",84,4,25,171,344,0,1,0,0,0,0,0,0,0,0,0,64,55,0,9,0,0,0,0,91
"mo_priv046_v3_y2025","prescribed_grazing","post",5334,3,"SG",87,3,50,171,345,2,1,1,0,1,91,0,0,18,0,0,64,27,0,73,27,0,18,18,91
"mo_priv043_v3_y2025","wildlife_hab_planting","pre",16,3,"JA",84,3,0,174,256,1,0,0,1,0,0,0,0,0,0,0,45,27,0,45,55,0,0,0,73
"mo_priv002_v3_y2025","wildlife_hab_planting","post",336,3,"SG",88,3,25,174,415,2,2,0,0,0,0,0,0,0,0,0,0,91,0,100,18,0,0,0,91
"mo_priv004_v3_y2025","wildlife_hab_planting","post",16232,3,"JA",92,5,50,174,514,3,2,0,0,0,0,0,0,0,0,0,100,9,0,100,0,0,0,0,100
"mo_priv015_v3_y2025","wildlife_hab_planting","pre",485,3,"JA",88,1,25,175,264,0,0,0,0,0,0,0,0,0,0,0,0,9,0,100,100,0,0,0,9
"mo_priv014_v3_y2025","wildlife_hab_planting","pre",551,3,"SG",80,1,75,175,277,1,2,1,0,0,0,0,0,0,0,0,0,18,0,73,55,0,0,0,18
"mo_priv013_v3_y2025","wildlife_hab_planting","post",1217,3,"SG",87,3,75,175,396,1,2,0,0,0,0,0,0,0,0,18,0,100,0,64,0,0,0,0,100
"mo_priv005_v3_y2025","wildlife_hab_planting","post",192,3,"JA",87,2,50,175,488,0,0,0,0,0,0,0,0,0,0,0,0,100,0,55,9,0,0,0,100
"mo_priv017_v3_y2025","wildlife_hab_planting","post",724,3,"JA",84,2,0,176,253,0,1,1,1,0,0,0,0,0,0,0,0,27,0,91,27,0,0,0,27
"mo_priv018_v3_y2025","wildlife_hab_planting","post",1156,3,"SG",85,2,25,176,257,7,4,0,0,0,0,0,0,0,0,18,9,36,0,64,0,0,0,0,45
"mo_priv016_v3_y2025","wildlife_hab_planting","post",1531,3,"SG",86,2,50,176,323,5,1,0,0,0,0,0,0,0,0,55,36,27,0,36,0,0,0,0,45
"mo_priv021_v3_y2025","wildlife_hab_planting","pre",6561,3,"SG",90,4,50,177,432,1,1,0,0,0,9,0,0,0,0,0,55,18,0,27,18,0,0,0,73
"mo_priv035_v3_y2025","wildlife_hab_planting","pre",53160,3,"JA",73,2,100,181,245,0,1,0,0,0,0,0,0,0,0,55,27,18,0,45,0,0,0,0,45
"mo_priv001_v3_y2025","wildlife_hab_planting","post",454,3,"JA",88,1,0,181,368,4,1,0,0,0,18,0,0,0,0,0,18,82,0,64,0,0,0,0,100
"mo_priv051_v3_y2025","wildlife_hab_planting","post",80433,3,"SG",79,1,75,181,368,7,2,0,0,0,0,0,0,0,0,0,0,100,0,55,18,0,0,0,100
"mo_priv034_v3_y2025","wildlife_hab_planting","pre",415,3,"JA",81,2,100,181,483,1,0,0,0,0,0,0,0,0,0,27,9,55,0,0,64,0,0,0,64
"mo_priv045_v3_y2025","wildlife_hab_planting","pre",1011,3,"SG",74,3,100,181,550,1,1,0,0,0,0,0,0,0,0,27,55,0,0,82,0,0,0,0,55
"mo_priv044_v3_y2025","wildlife_hab_planting","pre",3174,3,"JA",82,1,100,181,553,1,1,0,0,1,9,0,0,0,0,0,55,55,0,100,45,0,0,0,91
"mo_priv039_v3_y2025","wildlife_hab_planting","post",172,3,"SG",83,2,0,182,411,0,2,0,0,0,0,0,0,0,0,0,0,64,0,45,18,0,0,0,64
"mo_priv040_v3_y2025","wildlife_hab_planting","post",2240,3,"JA",84,1,25,182,438,3,1,0,0,0,0,0,0,0,0,36,9,27,0,27,36,0,0,0,36
"mo_priv013_v4_y2025","wildlife_hab_planting","post",1127,4,"JA",88,4,50,182,441,0,0,1,0,0,0,0,0,0,0,18,0,100,0,64,0,0,0,0,100
"mo_priv041_v3_y2025","wildlife_hab_planting","post",2374,3,"SG",82,3,25,182,471,2,0,0,0,0,0,0,0,0,0,36,27,36,0,0,9,0,0,0,64
"mo_priv038_v3_y2025","wildlife_hab_planting","pre",10226,3,"JA",83,2,25,182,542,0,0,0,1,0,0,0,0,0,0,91,0,0,0,55,0,0,0,0,0
"mo_priv036_v3_y2025","wildlife_hab_planting","pre",62723,3,"SG",81,2,0,183,255,0,1,0,0,0,0,0,0,0,0,9,0,91,0,36,18,0,0,0,91
"mo_priv037_v3_y2025","wildlife_hab_planting","pre",12309,3,"JA",81,2,0,183,274,1,0,0,0,0,0,0,0,0,0,91,0,0,0,64,0,0,0,0,0
"mo_priv002_v4_y2025","wildlife_hab_planting","post",1632,4,"JA",79,2,50,183,342,1,1,0,0,0,0,0,0,0,0,0,0,91,0,100,18,0,0,0,91
"mo_priv042_v3_y2025","wildlife_hab_planting","post",5264,3,"SG",85,2,25,183,427,2,3,0,0,0,0,0,0,0,0,18,9,36,0,45,0,0,0,0,45
"mo_priv011_v3_y2025","prescribed_grazing","pre",937,3,"JA",83,1,0,185,243,1,1,2,0,2,0,0,0,0,0,18,27,55,0,9,0,0,0,0,82
"mo_priv010_v3_y2025","prescribed_grazing","pre",300,3,"SG",83,3,0,185,283,0,2,1,0,0,0,0,0,0,0,9,45,36,0,55,0,0,0,0,82
"mo_priv012_v3_y2025","prescribed_grazing","pre",4663,3,"JA",84,3,0,185,322,0,4,0,0,0,0,0,0,0,0,0,18,100,0,91,0,0,0,0,100
"mo_priv008_v3_y2025","prescribed_grazing","pre",1242,3,"SG",86,3,0,185,387,4,3,1,0,0,0,0,0,0,0,0,18,82,0,27,18,0,0,0,91
"mo_priv009_v3_y2025","prescribed_grazing","pre",2214,3,"JA",88,1,25,185,424,1,1,0,0,0,0,0,0,0,0,45,27,27,0,73,0,0,0,0,55
"mo_priv007_v3_y2025","prescribed_grazing","pre",72,3,"SG",88,4,25,185,486,1,4,2,1,0,45,0,0,0,0,36,45,18,0,45,27,0,0,0,64
"mo_priv006_v3_y2025","prescribed_grazing","pre",87,3,"JA",87,3,25,185,487,0,1,0,0,0,0,0,0,0,0,0,9,64,0,55,0,0,0,0,73
"mo_priv026_v3_y2025","prescribed_grazing","pre",15543,3,"JA",81,5,100,186,260,0,0,0,0,0,0,0,0,0,0,36,9,36,0,18,9,0,0,0,45
"mo_priv025_v3_y2025","prescribed_grazing","pre",4568,3,"JA",82,4,100,186,283,0,0,0,0,2,0,0,0,0,0,0,0,36,0,0,55,0,0,0,36
"mo_priv024_v3_y2025","prescribed_grazing","pre",5383,3,"JA",79,5,NA,186,339,0,0,0,0,0,27,0,0,0,0,27,9,82,0,9,18,0,0,0,82
"mo_priv023_v3_y2025","prescribed_grazing","pre",5337,3,"JA",83,5,100,186,358,0,0,0,0,0,0,0,0,0,0,36,9,18,0,9,36,0,0,0,27
"mo_priv028_v3_y2025","prescribed_grazing","pre",5405,3,"SG",83,1,100,186,399,1,0,0,0,1,0,0,0,0,0,27,27,18,0,0,45,0,0,0,45
"mo_priv032_v3_y2025","prescribed_grazing","pre",1731,3,"SG",82,2,0,188,244,5,4,2,1,0,0,0,0,0,0,36,0,64,0,9,18,0,0,0,64
"mo_priv033_v3_y2025","prescribed_grazing","pre",1783,3,"JA",82,2,0,188,272,0,4,2,0,0,0,0,0,0,0,18,0,91,0,9,45,0,0,0,91
"mo_priv031_v3_y2025","prescribed_grazing","pre",1827,3,"SG",86,0,0,188,315,7,1,0,0,0,0,0,0,27,0,55,9,27,0,9,27,0,27,27,36
"mo_priv027_v3_y2025","prescribed_grazing","pre",12015,3,"JA",86,0,0,188,364,0,2,2,0,0,0,0,9,0,0,9,9,45,0,18,18,18,0,18,55
"mo_priv029_v3_y2025","prescribed_grazing","pre",1521,3,"JA",88,1,0,188,412,0,5,0,0,0,0,0,0,0,0,73,18,9,0,27,0,0,0,0,27
"mo_priv030_v4_y2025","prescribed_grazing","pre",5641,4,"SG",88,1,0,188,417,8,7,0,1,1,0,0,0,0,0,18,0,73,0,27,18,0,0,0,73
"mo_priv047_v4_y2025","wildlife_hab_planting","post",93,4,"JA",74,1,75,189,255,0,0,1,0,0,0,0,0,0,0,0,64,55,0,27,0,0,0,0,100
"mo_priv048_v4_y2025","prescribed_grazing","post",292,4,"SG",73,2,75,189,274,0,0,0,0,0,0,0,0,0,0,0,36,64,0,9,0,0,0,0,100
"mo_priv049_v4_y2025","prescribed_grazing","post",99,4,"JA",74,1,75,189,297,0,0,0,0,0,0,0,0,0,0,0,45,91,0,9,0,0,0,0,100
"mo_priv022_v4_y2025","wildlife_hab_planting","post",3337,4,"SG",82,2,50,192,237,1,1,0,0,1,0,0,0,0,0,9,82,9,0,45,0,0,0,0,91
"mo_priv020_v4_y2025","wildlife_hab_planting","post",2080,4,"SG",86,5,50,192,338,0,0,0,0,0,0,0,0,0,0,18,0,82,0,45,27,0,0,0,82
"mo_priv019_v4_y2025","wildlife_hab_planting","post",28092,4,"JA",86,5,0,192,352,0,0,0,0,0,0,0,0,0,0,73,0,100,0,9,0,0,0,0,100
"mo_priv043_v4_y2025","wildlife_hab_planting","pre",8805,4,"JA",76,0,25,193,236,0,0,0,0,0,0,0,0,0,0,0,45,27,0,45,55,0,0,0,73
"mo_priv003_v4_y2025","wildlife_hab_planting","pre",2173,4,"SG",75,2,100,193,285,6,0,0,0,0,0,0,0,0,0,18,0,27,0,100,9,0,0,0,27
"mo_priv001_v4_y2025","wildlife_hab_planting","post",1021,4,"SG",79,2,75,193,368,4,1,1,1,0,18,0,0,0,0,0,18,82,0,64,0,0,0,0,100
"mo_priv014_v4_y2025","wildlife_hab_planting","pre",518,4,"SG",78,2,100,194,411,0,0,1,0,0,0,0,0,0,0,0,0,18,0,73,55,0,0,0,18
"mo_priv015_v4_y2025","wildlife_hab_planting","pre",2018,4,"JA",79,0,100,194,411,0,0,0,0,0,0,0,0,0,0,0,0,9,0,100,100,0,0,0,9
"mo_priv016_v4_y2025","wildlife_hab_planting","post",3992,4,"SG",80,2,25,196,239,1,2,0,0,0,0,0,0,0,0,55,36,27,0,36,0,0,0,0,45
"mo_priv018_v4_y2025","wildlife_hab_planting","post",7991,4,"SG",80,1,50,196,297,1,1,1,0,1,0,0,0,0,0,18,9,36,0,64,0,0,0,0,45
"mo_priv017_v4_y2025","wildlife_hab_planting","post",1940,4,"JA",83,2,75,196,304,0,0,0,0,0,0,0,0,0,0,0,0,27,0,91,27,0,0,0,27
"mo_priv021_v4_y2025","wildlife_hab_planting","pre",13696,4,"JA",86,2,50,196,434,0,0,0,0,0,9,0,0,0,0,0,55,18,0,27,18,0,0,0,73
"mo_priv034_v4_y2025","wildlife_hab_planting","pre",79,4,"SG",85,1,25,197,233,1,0,1,0,0,0,0,0,0,0,27,9,55,0,0,64,0,0,0,64
"mo_priv051_v4_y2025","wildlife_hab_planting","post",292341,4,"JA",84,2,0,197,327,1,0,0,1,0,0,0,0,0,0,0,0,100,0,55,18,0,0,0,100
"mo_priv035_v4_y2025","wildlife_hab_planting","pre",26948,4,"SG",89,2,75,197,445,2,1,0,0,0,0,0,0,0,0,55,27,18,0,45,0,0,0,0,45
"mo_priv042_v4_y2025","wildlife_hab_planting","post",4384,4,"JA",91,3,25,197,559,2,0,0,0,0,0,0,0,0,0,18,9,36,0,45,0,0,0,0,45
"mo_priv045_v4_y2025","wildlife_hab_planting","pre",6381,4,"JA",70,1,100,198,225,0,0,0,0,0,0,0,0,0,0,27,55,0,0,82,0,0,0,0,55
"mo_priv044_v4_y2025","wildlife_hab_planting","pre",3151,4,"SG",70,1,100,198,242,0,0,0,0,0,9,0,0,0,0,0,55,55,0,100,45,0,0,0,91
"mo_priv010_v4_y2025","prescribed_grazing","pre",281,4,"JA",76,3,100,201,264,0,2,0,0,2,0,0,0,0,0,9,45,36,0,55,0,0,0,0,82
"mo_priv037_v4_y2025","wildlife_hab_planting","pre",190,4,"JA",85,3,0,201,303,0,0,0,0,0,0,0,0,0,0,91,0,0,0,64,0,0,0,0,0
"mo_priv036_v4_y2025","wildlife_hab_planting","pre",3528,4,"SG",86,4,25,201,303,0,0,0,0,0,0,0,0,0,0,9,0,91,0,36,18,0,0,0,91
"mo_priv038_v4_y2025","wildlife_hab_planting","pre",256,4,"JA",89,3,25,201,343,0,1,0,0,0,0,0,0,0,0,91,0,0,0,55,0,0,0,0,0
"mo_priv041_v4_y2025","wildlife_hab_planting","post",1488,4,"JA",85,3,0,203,233,2,1,0,0,0,0,0,0,0,0,36,27,36,0,0,9,0,0,0,64
"mo_priv040_v4_y2025","wildlife_hab_planting","post",155,4,"JA",86,0,0,203,257,1,0,0,0,0,0,0,0,0,0,36,9,27,0,27,36,0,0,0,36
"mo_priv039_v4_y2025","wildlife_hab_planting","post",1200,4,"SG",87,2,0,203,258,4,0,1,0,0,0,0,0,0,0,0,0,64,0,45,18,0,0,0,64
"mo_priv008_v4_y2025","prescribed_grazing","pre",3969,4,"SG",84,2,0,204,303,3,0,2,0,0,0,0,0,0,0,0,18,82,0,27,18,0,0,0,91
"mo_priv009_v4_y2025","prescribed_grazing","pre",125,4,"SG",86,3,0,204,342,2,2,0,2,0,0,0,0,0,0,45,27,27,0,73,0,0,0,0,55
"mo_priv007_v4_y2025","prescribed_grazing","pre",2238,4,"SG",87,4,0,204,397,1,0,1,0,1,45,0,0,0,0,36,45,18,0,45,27,0,0,0,64
"mo_priv006_v4_y2025","prescribed_grazing","pre",114,4,"JA",87,3,0,204,397,3,2,0,1,0,0,0,0,0,0,0,9,64,0,55,0,0,0,0,73
"mo_priv012_v4_y2025","prescribed_grazing","pre",3367,4,"SG",76,2,100,205,231,0,2,0,0,0,0,0,0,0,0,0,18,100,0,91,0,0,0,0,100
"mo_priv011_v4_y2025","prescribed_grazing","pre",2060,4,"SG",77,2,100,205,296,2,1,1,2,0,0,0,0,0,0,18,27,55,0,9,0,0,0,0,82
"mo_priv027_v4_y2025","prescribed_grazing","pre",3251,4,"JA",87,3,0,208,255,6,0,0,0,0,0,0,9,0,0,9,9,45,0,18,18,18,0,18,55
"mo_priv028_v4_y2025","prescribed_grazing","pre",1168,4,"SG",86,2,0,208,226,5,4,3,1,0,0,0,0,0,0,27,27,18,0,0,45,0,0,0,45
"mo_priv032_v4_y2025","prescribed_grazing","pre",2721,4,"JA",89,2,0,208,317,4,1,1,0,0,0,0,0,0,0,36,0,64,0,9,18,0,0,0,64
"mo_priv031_v4_y2025","prescribed_grazing","post",2245,4,"SG",90,1,0,208,354,8,3,2,1,1,0,0,0,27,0,55,9,27,0,9,27,0,27,27,36
"mo_priv029_v4_y2025","prescribed_grazing","pre",1574,4,"JA",93,4,0,208,404,4,0,1,2,0,0,0,0,0,0,73,18,9,0,27,0,0,0,0,27
"mo_priv004_v4_y2025","wildlife_hab_planting","post",5088,4,"SG",80,4,25,209,225,2,0,0,0,0,0,0,0,0,0,0,100,9,0,100,0,0,0,0,100
"mo_priv005_v4_y2025","prescribed_grazing","post",544,4,"JA",82,4,0,209,267,1,0,0,0,0,0,0,0,0,0,0,0,100,0,55,9,0,0,0,100
"mo_priv052_v4_y2025","prescribed_grazing","post",267,4,"JA",87,3,25,209,366,2,1,0,0,0,0,0,0,0,9,9,91,0,0,0,0,0,9,9,91
"mo_priv053_v4_y2025","prescribed_grazing","post",311,4,"SG",86,3,25,209,373,2,1,1,0,0,0,0,0,0,0,18,9,45,0,18,9,0,0,0,55
"mo_priv033_v4_y2025","prescribed_grazing","pre",2569,4,"MC",88,2,0,210,222,5,8,3,4,1,0,0,0,0,0,18,0,91,0,9,45,0,0,0,91
"mo_priv024_v4_y2025","prescribed_grazing","pre",8820,4,"SG",91,2,0,210,222,11,3,1,2,1,27,0,0,0,0,27,9,82,0,9,18,0,0,0,82
"mo_priv023_v4_y2025","prescribed_grazing","pre",17351,4,"SG",93,2,0,210,259,12,1,2,0,3,0,0,0,0,0,36,9,18,0,9,36,0,0,0,27
"mo_priv026_v4_y2025","prescribed_grazing","pre",10229,4,"JA",93,2,0,210,269,4,7,0,0,0,0,0,0,0,0,36,9,36,0,18,9,0,0,0,45
"mo_priv025_v4_y2025","prescribed_grazing","pre",2715,4,"MC",91,1,0,210,302,2,2,3,3,1,0,0,0,0,0,0,0,36,0,0,55,0,0,0,36
